Protein.Group	Protein.Names	Genes	First.Protein.Description	N.Sequences	N.Proteotypic.Sequences	S:\Research\Proteomics-MS\Horse_urine\Horse_urine_U2_STRAP_250ng_21min_85vw_160525_1.wiff
A0A2K9YV04	A0A2K9YV04_EQUAS	Lyz	lysozyme	3	3	76.2699
A0A650BPW9	A0A650BPW9_EQUAS	CAPNI	Calpain-1 catalytic subunit	2	2	63.7293
A0A8C4KPC1	A0A8C4KPC1_EQUAS	CPVL	Carboxypeptidase vitellogenic like	3	3	133.596
A0A8C4KQS2	A0A8C4KQS2_EQUAS	ACE2	Angiotensin-converting enzyme	2	2	53.9218
A0A8C4KQS3	A0A8C4KQS3_EQUAS	NGFR	Nerve growth factor receptor	3	3	295.567
A0A8C4KR01	A0A8C4KR01_EQUAS	B4GALNT2	Beta-1,4-N-acetyl-galactosaminyltransferase 2 (SID blood group)	3	3	58.0667
A0A8C4KRV4	A0A8C4KRV4_EQUAS	CTSD	Cathepsin D	12	12	409.737
A0A8C4KS57	A0A8C4KS57_EQUAS	GGT1	Glutathione hydrolase	2	2	129.191
A0A8C4KSK0	A0A8C4KSK0_EQUAS	IL1RAP	Interleukin 1 receptor accessory protein	16	16	4277.7
A0A8C4KSM3	A0A8C4KSM3_EQUAS	ATRN	Attractin	5	5	84.2675
A0A8C4KSX2	A0A8C4KSX2_EQUAS	CHMP1A	Charged multivesicular body protein 1A	2	2	110.778
A0A8C4KT42	A0A8C4KT42_EQUAS	S100A9	Protein S100-A9	3	3	114.057
A0A8C4KT47	A0A8C4KT47_EQUAS	COCH	Cochlin	3	3	2161.53
A0A8C4KTA3	A0A8C4KTA3_EQUAS	LOC106831659	Uncharacterized protein	4	2	2262.28
A0A8C4KU61	A0A8C4KU61_EQUAS	ECM1	Extracellular matrix protein 1	4	4	1282.38
A0A8C4KUI2	A0A8C4KUI2_EQUAS		MD-2-related lipid-recognition domain-containing protein	4	4	486.693
A0A8C4KUL5	A0A8C4KUL5_EQUAS	ACP2	Lysosomal acid phosphatase	4	4	253.032
A0A8C4KUV8	A0A8C4KUV8_EQUAS	SERPINI1	Serpin family I member 1	16	16	7130.33
A0A8C4KV74	A0A8C4KV74_EQUAS	LOC106828912	G-protein coupled receptors family 1 profile domain-containing protein	1	1	74.4359
A0A8C4KV89	A0A8C4KV89_EQUAS	PCOLCE2	Procollagen C-endopeptidase enhancer 2	3	3	307.65
A0A8C4KW43	A0A8C4KW43_EQUAS	LASP1	LIM and SH3 domain protein 1	1	1	382.1
A0A8C4KWE1	A0A8C4KWE1_EQUAS	TPM4	Tropomyosin alpha-4 chain	2	1	32.5638
A0A8C4KWE2	A0A8C4KWE2_EQUAS	GUCA2B	Guanylate cyclase activator 2B	2	2	362.043
A0A8C4KWN3	A0A8C4KWN3_EQUAS	LOC106832874	Serpin domain-containing protein	2	0	75.3764
A0A8C4KX52	A0A8C4KX52_EQUAS	ROBO4	Roundabout guidance receptor 4	6	6	420.27
A0A8C4KXZ0	A0A8C4KXZ0_EQUAS	SCRN2	Secernin-2	2	2	45.3281
A0A8C4KY77	A0A8C4KY77_EQUAS	SERPINA7	Thyroxine-binding globulin	6	6	271.127
A0A8C4KYB1	A0A8C4KYB1_EQUAS	SCUBE1	Signal peptide, CUB domain and EGF like domain containing 1	2	2	24.4765
A0A8C4KYR1	A0A8C4KYR1_EQUAS	CSF1R	receptor protein-tyrosine kinase	10	10	2563.48
A0A8C4KYX7;A0A9L0JCT0;A0A9L0JWR7	A0A8C4KYX7_EQUAS;A0A9L0JCT0_EQUAS;A0A9L0JWR7_EQUAS	H2BC11;LOC106837815;LOC123280633	Histone H2B	4	0	2121.63
A0A8C4KZ07	A0A8C4KZ07_EQUAS	MIF	Macrophage migration inhibitory factor	2	2	253.561
A0A8C4KZ30	A0A8C4KZ30_EQUAS	NPEPPS	Aminopeptidase	3	3	52.7108
A0A8C4KZ70	A0A8C4KZ70_EQUAS	PACSIN3	Protein kinase C and casein kinase substrate in neurons 3	1	1	26.2933
A0A8C4KZI0	A0A8C4KZI0_EQUAS	PDGFRB	Platelet-derived growth factor receptor beta	11	11	913.42
A0A8C4KZJ8	A0A8C4KZJ8_EQUAS	TWSG1	Uncharacterized protein	5	5	855.842
A0A8C4KZM9	A0A8C4KZM9_EQUAS	SPARC	SPARC	14	14	1767.76
A0A8C4L031	A0A8C4L031_EQUAS	TPP1	Tripeptidyl-peptidase 1	17	17	2104.53
A0A8C4L060	A0A8C4L060_EQUAS	PTK7	Protein tyrosine kinase 7 (inactive)	10	10	312.999
A0A8C4L0D9	A0A8C4L0D9_EQUAS		Lipocalin/cytosolic fatty-acid binding domain-containing protein	2	2	9014.58
A0A8C4L0F9	A0A8C4L0F9_EQUAS	CST3	Cystatin domain-containing protein	5	5	4257.8
A0A8C4L0G8	A0A8C4L0G8_EQUAS	ENTPD6	Ectonucleoside triphosphate diphosphohydrolase 6	2	2	96.6607
A0A8C4L0M5	A0A8C4L0M5_EQUAS	PTPRG	protein-tyrosine-phosphatase	7	7	279.184
A0A8C4L0M7	A0A8C4L0M7_EQUAS	CA14	Carbonic anhydrase 14	1	1	56.5632
A0A8C4L101	A0A8C4L101_EQUAS	TMPRSS2	Uncharacterized protein	2	2	134.343
A0A8C4L135	A0A8C4L135_EQUAS	MCAM	Melanoma cell adhesion molecule	2	2	90.8818
A0A8C4L137	A0A8C4L137_EQUAS	HPX	Hemopexin	21	21	39954.1
A0A8C4L150	A0A8C4L150_EQUAS	LOC106833683	Ig-like domain-containing protein	1	1	96.5195
A0A8C4L195	A0A8C4L195_EQUAS	NAGA	Alpha-galactosidase	8	8	456.351
A0A8C4L1L5	A0A8C4L1L5_EQUAS	IGFBP4	Insulin-like growth factor-binding protein 4	2	2	92.9082
A0A8C4L1N2	A0A8C4L1N2_EQUAS	SCUBE2	Signal peptide, CUB domain and EGF like domain containing 2	3	3	377.867
A0A8C4L1P8	A0A8C4L1P8_EQUAS	OTOR	Otoraplin	8	8	1745.17
A0A8C4L1R8;A0A8C4LHY7	A0A8C4L1R8_EQUAS;A0A8C4LHY7_EQUAS	RAB11A;RAB11B	RAB11B, member RAS oncogene family	2	0	69.7643
A0A8C4L1S5	A0A8C4L1S5_EQUAS	EPCAM	Epithelial cell adhesion molecule	7	7	2181.31
A0A8C4L1S7	A0A8C4L1S7_EQUAS	LOC106847930	Ig-like domain-containing protein	2	2	232.085
A0A8C4L1U8	A0A8C4L1U8_EQUAS	NID1	Nidogen 1	17	17	386.776
A0A8C4L1X5	A0A8C4L1X5_EQUAS	LOC106827903	Complement C3	18	5	181.769
A0A8C4L258	A0A8C4L258_EQUAS	LGALS3	Galectin	5	5	303.536
A0A8C4L2G1	A0A8C4L2G1_EQUAS	HSP90AA1	Heat shock protein 90 alpha family class A member 1	7	3	416.676
A0A8C4L2U4	A0A8C4L2U4_EQUAS	HSP90AB1	Heat shock protein 90 alpha family class B member 1	2	1	72.7791
A0A8C4L2Z4	A0A8C4L2Z4_EQUAS	ESAM	Endothelial cell adhesion molecule	4	4	3570.51
A0A8C4L359	A0A8C4L359_EQUAS	ADGRF5	Adhesion G protein-coupled receptor F5	1	1	202.186
A0A8C4L396	A0A8C4L396_EQUAS	LOC106844506	C-type lectin domain-containing protein	2	2	92.828
A0A8C4L3C2	A0A8C4L3C2_EQUAS	ICOSLG	Ig-like domain-containing protein	5	5	5715.09
A0A8C4L3E7	A0A8C4L3E7_EQUAS	SIAE	Sialic acid acetylesterase	7	7	216.758
A0A8C4L3I6	A0A8C4L3I6_EQUAS	TNFRSF21	TNF receptor superfamily member 21	2	2	29.7687
A0A8C4L3K1	A0A8C4L3K1_EQUAS	PTPRF	Receptor-type tyrosine-protein phosphatase F	4	3	179.751
A0A8C4L3K8	A0A8C4L3K8_EQUAS	AKR1A1	Aldo-keto reductase family 1 member A1	15	15	305.174
A0A8C4L3V7	A0A8C4L3V7_EQUAS	DNASE2	Deoxyribonuclease-2-alpha	4	4	142.177
A0A8C4L434	A0A8C4L434_EQUAS	CD93	CD93 molecule	8	8	441.314
A0A8C4L453	A0A8C4L453_EQUAS		Ig-like domain-containing protein	12	11	7983.92
A0A8C4L491	A0A8C4L491_EQUAS	ADGRF1	Adhesion G protein-coupled receptor F1	1	1	84.7322
A0A8C4L498	A0A8C4L498_EQUAS	IDH1	Isocitrate dehydrogenase [NADP]	13	12	260.487
A0A8C4L4E6	A0A8C4L4E6_EQUAS	CKB	Creatine kinase B-type	9	9	393.289
A0A8C4L524	A0A8C4L524_EQUAS	RNASE1	Ribonuclease A family member 1, pancreatic	2	2	278.302
A0A8C4L5A1	A0A8C4L5A1_EQUAS	NUCB1	Nucleobindin-1	23	23	531.556
A0A8C4L5N1	A0A8C4L5N1_EQUAS	SORT1	Sortilin 1	2	2	43.7612
A0A8C4L5X3	A0A8C4L5X3_EQUAS	RCN3	Reticulocalbin 3	10	10	973.908
A0A8C4L647	A0A8C4L647_EQUAS	ACO1	Aconitase 1	1	1	14.6286
A0A8C4L6D4	A0A8C4L6D4_EQUAS	S100A11	Protein S100	2	2	203.123
A0A8C4L6G1	A0A8C4L6G1_EQUAS	TIMP1	Metalloproteinase inhibitor 1	6	6	1155.4
A0A8C4L6L9	A0A8C4L6L9_EQUAS	NEO1	Neogenin 1	7	7	300.154
A0A8C4L6Q6	A0A8C4L6Q6_EQUAS	LOC123275559	Sushi domain-containing protein	7	6	2664.94
A0A8C4L6S6	A0A8C4L6S6_EQUAS	LOC106823012	Ig-like domain-containing protein	1	1	332.542
A0A8C4L6U9	A0A8C4L6U9_EQUAS	YIPF3	Protein YIPF3	1	1	490.52
A0A8C4L703;A0A9L0KG45	A0A8C4L703_EQUAS;A0A9L0KG45_EQUAS	RRAS;RRAS2	RAS related	1	0	131.005
A0A8C4L710	A0A8C4L710_EQUAS	SORL1	Sortilin-related receptor	4	4	83.9039
A0A8C4L721	A0A8C4L721_EQUAS	GAA	Lysosomal alpha-glucosidase	15	15	363.507
A0A8C4L733	A0A8C4L733_EQUAS		Ig-like domain-containing protein	2	2	57.2253
A0A8C4L792	A0A8C4L792_EQUAS	CNTFR	Ciliary neurotrophic factor receptor subunit alpha	8	8	376.656
A0A8C4L798	A0A8C4L798_EQUAS	CD5L	CD5 molecule like	4	4	383.06
A0A8C4L7D7	A0A8C4L7D7_EQUAS	PIGR	Polymeric immunoglobulin receptor	15	15	650.224
A0A8C4L7I7	A0A8C4L7I7_EQUAS	AMN	Protein amnionless	6	6	143.612
A0A8C4L7M1	A0A8C4L7M1_EQUAS	TF	Transferrin	42	37	8431.07
A0A8C4L7S1	A0A8C4L7S1_EQUAS	DKK3	Dickkopf WNT signaling pathway inhibitor 3	12	12	215.592
A0A8C4L7W8	A0A8C4L7W8_EQUAS	TFF1	Trefoil factor 1	3	3	288.484
A0A8C4L8B7	A0A8C4L8B7_EQUAS	ACTG1	Actin gamma 1	17	2	3023.4
A0A8C4L8C4	A0A8C4L8C4_EQUAS	RACGAP1	Rac GTPase activating protein 1	2	2	92.0808
A0A8C4L8Q5	A0A8C4L8Q5_EQUAS	LOC106826776	carbonic anhydrase	3	3	269.837
A0A8C4L904	A0A8C4L904_EQUAS	WDR1	WD repeat domain 1	6	6	138.143
A0A8C4L981	A0A8C4L981_EQUAS	LOC106823199	Transferrin-like domain-containing protein	21	20	249.013
A0A8C4L988	A0A8C4L988_EQUAS	PRKCSH	Glucosidase 2 subunit beta	4	4	174.077
A0A8C4L991	A0A8C4L991_EQUAS	RHBDF2	Inactive rhomboid protein	1	1	140.902
A0A8C4L997	A0A8C4L997_EQUAS	ATP5F1B	ATP synthase subunit beta	1	1	17.7073
A0A8C4L9H9	A0A8C4L9H9_EQUAS	SRPX2	Sushi repeat-containing protein SRPX2	4	4	753.569
A0A8C4L9M1	A0A8C4L9M1_EQUAS	LRRC19	Leucine rich repeat containing 19	1	1	77.4196
A0A8C4L9M3;A0A8C4MG62;A0A9L0ILR1;A0A9L0IM31;A0A9L0JY65;A0A9L0K6A1	A0A8C4L9M3_EQUAS;A0A8C4MG62_EQUAS;A0A9L0ILR1_EQUAS;A0A9L0IM31_EQUAS;A0A9L0JY65_EQUAS;A0A9L0K6A1_EQUAS	LOC106823473;LOC106829712;LOC106837811;LOC106837835;LOC106837836;LOC106837837	Histone H2B	1	0	187.268
A0A8C4L9P9	A0A8C4L9P9_EQUAS	PROM1	Prominin 1	3	3	134.743
A0A8C4L9S3	A0A8C4L9S3_EQUAS	TSPAN1	Tetraspanin	1	1	38.6038
A0A8C4L9Y3	A0A8C4L9Y3_EQUAS	KIF23	Kinesin-like protein	6	6	165.351
A0A8C4L9Z8	A0A8C4L9Z8_EQUAS	GALNT18	Polypeptide N-acetylgalactosaminyltransferase	5	5	124.75
A0A8C4LA22	A0A8C4LA22_EQUAS	SECTM1	Secreted and transmembrane protein 1	2	2	920.469
A0A8C4LA36	A0A8C4LA36_EQUAS	IFI30	Gamma-interferon-inducible lysosomal thiol reductase	3	3	747.694
A0A8C4LA72	A0A8C4LA72_EQUAS		Jacalin-type lectin domain-containing protein	2	2	377.605
A0A8C4LAK7	A0A8C4LAK7_EQUAS		Ig-like domain-containing protein	2	2	781.34
A0A8C4LAL5	A0A8C4LAL5_EQUAS	LDLR	Low density lipoprotein receptor	6	6	169.44
A0A8C4LAT2	A0A8C4LAT2_EQUAS	ELOB	Elongin B	2	2	82.0156
A0A8C4LAU8	A0A8C4LAU8_EQUAS	THY1	Thy-1 membrane glycoprotein	5	5	3423.61
A0A8C4LAY1	A0A8C4LAY1_EQUAS	IGDCC4	Immunoglobulin superfamily DCC subclass member 4	5	5	119.302
A0A8C4LB28	A0A8C4LB28_EQUAS	IGSF5	Ig-like domain-containing protein	4	4	3969.74
A0A8C4LBJ6	A0A8C4LBJ6_EQUAS	B4GAT1	Beta-1,4-glucuronyltransferase 1	10	10	295.307
A0A8C4LBT2	A0A8C4LBT2_EQUAS	LOC106843832	Ig-like domain-containing protein	2	2	289.465
A0A8C4LBV1	A0A8C4LBV1_EQUAS	SLC12A3	Solute carrier family 12 member 3	5	5	131.062
A0A8C4LBV4	A0A8C4LBV4_EQUAS		Ig-like domain-containing protein	2	2	56912.9
A0A8C4LBW4	A0A8C4LBW4_EQUAS		Ig-like domain-containing protein	1	1	102.169
A0A8C4LBX6	A0A8C4LBX6_EQUAS	MAN2B1	Alpha-mannosidase	5	5	124.424
A0A8C4LBX7	A0A8C4LBX7_EQUAS	ATP1A1	Sodium/potassium-transporting ATPase subunit alpha	3	2	64.8858
A0A8C4LBY3	A0A8C4LBY3_EQUAS	SGSH	N-sulfoglucosamine sulfohydrolase	6	6	265.006
A0A8C4LC45	A0A8C4LC45_EQUAS	PTGFRN	Prostaglandin F2 receptor inhibitor	2	2	109.68
A0A8C4LC59	A0A8C4LC59_EQUAS	LRP1	LDL receptor related protein 1	6	6	793.585
A0A8C4LCK3	A0A8C4LCK3_EQUAS	COMP	Cartilage oligomeric matrix protein	10	9	2929.25
A0A8C4LCZ7	A0A8C4LCZ7_EQUAS	CILP2	Cartilage intermediate layer protein 2	22	22	3646.8
A0A8C4LD44	A0A8C4LD44_EQUAS	KRT16	Keratin 16	4	2	75.176
A0A8C4LDF7	A0A8C4LDF7_EQUAS	MUC4	Mucin 4, cell surface associated	20	20	429.492
A0A8C4LDG4	A0A8C4LDG4_EQUAS	LYVE1	Lymphatic vessel endothelial hyaluronan receptor 1	8	8	22865.5
A0A8C4LDQ6	A0A8C4LDQ6_EQUAS	PSMA1	Proteasome subunit alpha type	1	1	18.9616
A0A8C4LDT5	A0A8C4LDT5_EQUAS	LOC106827367	Glutathione S-transferase	5	0	250.834
A0A8C4LE20	A0A8C4LE20_EQUAS	TALDO1	Transaldolase	4	4	714.765
A0A8C4LE77	A0A8C4LE77_EQUAS	PKM	Pyruvate kinase	9	8	190.698
A0A8C4LEK8;A0A8C4MUW7;A0A9L0JQQ0	A0A8C4LEK8_EQUAS;A0A8C4MUW7_EQUAS;A0A9L0JQQ0_EQUAS	HS6ST1;HS6ST2;HS6ST3	Heparan-sulfate 6-O-sulfotransferase	1	0	43.2967
A0A8C4LEW0	A0A8C4LEW0_EQUAS	CDH6	Cadherin-6	16	15	1104.28
A0A8C4LEW9	A0A8C4LEW9_EQUAS	EPHB2	receptor protein-tyrosine kinase	9	9	162.36
A0A8C4LF38	A0A8C4LF38_EQUAS	PDCD6IP	Programmed cell death 6 interacting protein	26	26	589.07
A0A8C4LF88	A0A8C4LF88_EQUAS	BPIFA2	BPI fold containing family A member 2	10	10	2659.33
A0A8C4LFA5	A0A8C4LFA5_EQUAS	EPHA7	receptor protein-tyrosine kinase	2	1	101.506
A0A8C4LFB0	A0A8C4LFB0_EQUAS	ANXA4	Annexin	4	4	93.2477
A0A8C4LG45	A0A8C4LG45_EQUAS		SMB domain-containing protein	8	8	2503.51
A0A8C4LG60	A0A8C4LG60_EQUAS	COL6A3	Collagen type VI alpha 3 chain	44	44	7692.18
A0A8C4LG67	A0A8C4LG67_EQUAS	CPM	Carboxypeptidase M	7	7	142.182
A0A8C4LGL5	A0A8C4LGL5_EQUAS	PDZK1	PDZ domain containing 1	6	6	158.153
A0A8C4LGP5	A0A8C4LGP5_EQUAS	MIA2	SH3 domain-containing protein	5	5	358.407
A0A8C4LH35	A0A8C4LH35_EQUAS	CRIM1	Cysteine rich transmembrane BMP regulator 1	2	2	115.844
A0A8C4LH42	A0A8C4LH42_EQUAS		Ig-like domain-containing protein	1	1	33.2522
A0A8C4LH72	A0A8C4LH72_EQUAS	SUSD5	Sushi domain containing 5	4	4	631.988
A0A8C4LHC4	A0A8C4LHC4_EQUAS	PDIA3	Protein disulfide-isomerase	18	18	359.46
A0A8C4LHC7	A0A8C4LHC7_EQUAS	KRT14	Keratin, type I cytoskeletal 14	3	0	44.1291
A0A8C4LHK0	A0A8C4LHK0_EQUAS		Ig-like domain-containing protein	1	1	366.586
A0A8C4LHK1	A0A8C4LHK1_EQUAS	PCDH18	Protocadherin 18	1	1	64.1329
A0A8C4LHM2	A0A8C4LHM2_EQUAS	GNS	N-acetylglucosamine-6-sulfatase	8	8	409.026
A0A8C4LHN3	A0A8C4LHN3_EQUAS	TFRC	Transferrin receptor protein 1	5	5	75.4945
A0A8C4LI13	A0A8C4LI13_EQUAS	CALU	Calumenin	7	7	423.35
A0A8C4LI22	A0A8C4LI22_EQUAS	CDHR5	Cadherin related family member 5	9	9	434.828
A0A8C4LI70	A0A8C4LI70_EQUAS	LTF	Lactotransferrin	13	13	532.397
A0A8C4LIE0	A0A8C4LIE0_EQUAS		Pepsin A	1	1	340.235
A0A8C4LIE5	A0A8C4LIE5_EQUAS	LCT	Lactase	31	31	570.513
A0A8C4LIH2	A0A8C4LIH2_EQUAS	ROR1	Receptor tyrosine kinase like orphan receptor 1	3	2	958.124
A0A8C4LIM9	A0A8C4LIM9_EQUAS	TSPAN8	Tetraspanin	2	2	256.877
A0A8C4LJ06	A0A8C4LJ06_EQUAS	LAMA4	Laminin subunit alpha 4	4	4	65.4595
A0A8C4LJ11	A0A8C4LJ11_EQUAS	HSPG2	Heparan sulfate proteoglycan 2	86	86	5277.79
A0A8C4LJC2	A0A8C4LJC2_EQUAS	PTPRZ1	protein-tyrosine-phosphatase	2	2	121.845
A0A8C4LJH6	A0A8C4LJH6_EQUAS	HMCN2	Hemicentin 2	22	22	678.309
A0A8C4LJN6	A0A8C4LJN6_EQUAS	CHRDL1	Chordin like 1	1	1	61.2942
A0A8C4LJR6	A0A8C4LJR6_EQUAS	LOXL4	protein-lysine 6-oxidase	9	8	1179.18
A0A8C4LK27	A0A8C4LK27_EQUAS	GPC1	Glypican-1	14	14	541.893
A0A8C4LK50	A0A8C4LK50_EQUAS	LTBP1	Latent transforming growth factor beta binding protein 1	16	16	910.482
A0A8C4LKC9	A0A8C4LKC9_EQUAS	EPHA1	receptor protein-tyrosine kinase	7	7	149.688
A0A8C4LKI5	A0A8C4LKI5_EQUAS	ITM2C	Integral membrane protein 2	3	3	111.134
A0A8C4LKS3	A0A8C4LKS3_EQUAS	FAM3C	FAM3 metabolism regulating signaling molecule C	10	10	559.053
A0A8C4LKS4	A0A8C4LKS4_EQUAS	ANXA2	Annexin	15	15	244.816
A0A8C4LL14	A0A8C4LL14_EQUAS	FLNC	Filamin C	12	12	1314.12
A0A8C4LLC4	A0A8C4LLC4_EQUAS	KAZALD1	Kazal type serine peptidase inhibitor domain 1	2	2	18.7139
A0A8C4LLF7	A0A8C4LLF7_EQUAS	PGAM1	Phosphoglycerate mutase	7	6	239.461
A0A8C4LLK4	A0A8C4LLK4_EQUAS	CD160	CD160 molecule	2	2	261.832
A0A8C4LLM7	A0A8C4LLM7_EQUAS	MSN	Moesin	1	1	33.184
A0A8C4LM63	A0A8C4LM63_EQUAS	SHISA5	Protein shisa-5	2	2	2344.74
A0A8C4LMC7	A0A8C4LMC7_EQUAS	KRT1	Keratin, type II cytoskeletal 1	6	5	3778.9
A0A8C4LMH6	A0A8C4LMH6_EQUAS	PIP	Prolactin-inducible protein homolog	6	6	2130.3
A0A8C4LMJ3	A0A8C4LMJ3_EQUAS	APP	Amyloid-beta A4 protein	9	9	1312.43
A0A8C4LML6	A0A8C4LML6_EQUAS	KRT18	Keratin 18	9	9	197.911
A0A8C4LN43	A0A8C4LN43_EQUAS	MATN3	Matrilin 3	9	9	2949.38
A0A8C4LNA6	A0A8C4LNA6_EQUAS	CPN1	Carboxypeptidase N subunit 1	4	4	175.364
A0A8C4LNI9	A0A8C4LNI9_EQUAS	DNER	Delta/notch like EGF repeat containing	3	3	137.5
A0A8C4LNK3	A0A8C4LNK3_EQUAS	MGAM	P-type domain-containing protein	32	29	650.248
A0A8C4LNW0	A0A8C4LNW0_EQUAS	GRN	Granulin precursor	8	8	18679.8
A0A8C4LNX3	A0A8C4LNX3_EQUAS	PLBD2	Phospholipase B-like	8	8	148.32
A0A8C4LP92	A0A8C4LP92_EQUAS	UFD1	Ubiquitin recognition factor in ER associated degradation 1	2	2	48.7525
A0A8C4LPQ8	A0A8C4LPQ8_EQUAS	CHODL	Chondrolectin	5	5	371.288
A0A8C4LPR0	A0A8C4LPR0_EQUAS	KRT8	Keratin, type II cytoskeletal 8	20	16	440.649
A0A8C4LPS5	A0A8C4LPS5_EQUAS	RTN4R	Reticulon 4 receptor	4	4	136.047
A0A8C4LQ05	A0A8C4LQ05_EQUAS	PRSS2	trypsin	5	5	2665.91
A0A8C4LQ10	A0A8C4LQ10_EQUAS	TCN2	Transcobalamin-2	13	13	4967.9
A0A8C4LQ66	A0A8C4LQ66_EQUAS	MRC2	Mannose receptor C-type 2	8	8	261.833
A0A8C4LQ78	A0A8C4LQ78_EQUAS	VTN	Vitronectin	10	10	7183.5
A0A8C4LQ92;A0A9L0JMS2	A0A8C4LQ92_EQUAS;A0A9L0JMS2_EQUAS	LOC106843063;TMSB4X	Thymosin beta-4	1	0	47.137
A0A8C4LQF0;A0A8C4PR70	A0A8C4LQF0_EQUAS;A0A8C4PR70_EQUAS	ACTA1;ACTC1	Actin alpha cardiac muscle 1	2	0	1042.34
A0A8C4LQK7	A0A8C4LQK7_EQUAS	LOC106848329	C-type lectin domain-containing protein	4	4	588.113
A0A8C4LQT1	A0A8C4LQT1_EQUAS	ICAM1	Intercellular adhesion molecule 1	2	2	85.7827
A0A8C4LR53	A0A8C4LR53_EQUAS	SFN	Stratifin	1	1	44.7151
A0A8C4LRV8	A0A8C4LRV8_EQUAS	CDH16	Cadherin 16	7	7	147.581
A0A8C4LS50	A0A8C4LS50_EQUAS	ACTB	Actin beta	3	1	3016.51
A0A8C4LSD3	A0A8C4LSD3_EQUAS	CDH11	Cadherin 11	19	19	3406.44
A0A8C4LSG9	A0A8C4LSG9_EQUAS	GOT1	Aspartate aminotransferase	2	2	32.0319
A0A8C4LST3	A0A8C4LST3_EQUAS	MMP7	Matrix metallopeptidase 7	4	4	146.126
A0A8C4LSU2	A0A8C4LSU2_EQUAS	CD200R1	Ig-like domain-containing protein	1	1	30.81
A0A8C4LSU4	A0A8C4LSU4_EQUAS	LOC106844600	Galectin	1	1	11.3075
A0A8C4LSV2	A0A8C4LSV2_EQUAS	KRT5	Keratin, type II cytoskeletal 5	10	5	4811.69
A0A8C4LSW5	A0A8C4LSW5_EQUAS	GANAB	Glucosidase II alpha subunit	12	12	307.27
A0A8C4LTG5	A0A8C4LTG5_EQUAS	MST1	Macrophage stimulating 1	29	29	945.708
A0A8C4LU26	A0A8C4LU26_EQUAS	APOB	Apolipoprotein B	17	16	87.3675
A0A8C4LU50	A0A8C4LU50_EQUAS	NAGLU	N-acetyl-alpha-glucosaminidase	8	8	168.161
A0A8C4LU52	A0A8C4LU52_EQUAS	SERPINF1	Serpin family F member 1	12	12	166.75
A0A8C4LUE7	A0A8C4LUE7_EQUAS	PRSS8	Serine protease 8	7	7	2024.77
A0A8C4LUI6	A0A8C4LUI6_EQUAS	CCN2	CCN family member 2	11	11	1052.2
A0A8C4LUS2	A0A8C4LUS2_EQUAS	PTPRJ	protein-tyrosine-phosphatase	2	2	74.8456
A0A8C4LUY5	A0A8C4LUY5_EQUAS	LOC106844669	WAP domain-containing protein	2	2	890.961
A0A8C4LVA2	A0A8C4LVA2_EQUAS	AGT	Angiotensinogen	17	17	1120.63
A0A8C4LVY5	A0A8C4LVY5_EQUAS	FMOD	Fibromodulin	8	8	3491.08
A0A8C4LW29	A0A8C4LW29_EQUAS	DAG1	Dystroglycan 1	6	6	350.818
A0A8C4LW37	A0A8C4LW37_EQUAS	F12	Coagulation factor XII	8	8	2630.15
A0A8C4LW94	A0A8C4LW94_EQUAS		WAP domain-containing protein	1	1	389.169
A0A8C4LW95	A0A8C4LW95_EQUAS	CPD	Carboxypeptidase D	2	2	99.3116
A0A8C4LWD3	A0A8C4LWD3_EQUAS	EPB41L2	Erythrocyte membrane protein band 4.1 like 2	1	1	182.377
A0A8C4LWE2	A0A8C4LWE2_EQUAS	IL6ST	Interleukin 6 cytokine family signal transducer	8	8	324.017
A0A8C4LWW4	A0A8C4LWW4_EQUAS	SLC3A2	Solute carrier family 3 member 2	3	3	66.0016
A0A8C4LXD1	A0A8C4LXD1_EQUAS	PRCP	Prolylcarboxypeptidase	9	9	238.128
A0A8C4LXM6	A0A8C4LXM6_EQUAS	ATP6V1A	V-type proton ATPase catalytic subunit A	3	3	42.6099
A0A8C4LXU8	A0A8C4LXU8_EQUAS	CDH24	Cadherin 24	2	2	2393.13
A0A8C4LXY1	A0A8C4LXY1_EQUAS	LSAMP	Limbic system associated membrane protein	3	3	59.665
A0A8C4LYJ8;A0A8C4M6I0;A0A9L0IU80;A0A9L0J9K2;A0A9L0JI24;A0A9L0K7I4	A0A8C4LYJ8_EQUAS;A0A8C4M6I0_EQUAS;A0A9L0IU80_EQUAS;A0A9L0J9K2_EQUAS;A0A9L0JI24_EQUAS;A0A9L0K7I4_EQUAS	LOC106823018;LOC106837842;LOC106837884;LOC106844735;LOC106846575;LOC123288460	Histone H3	2	0	783.257
A0A8C4LYQ6	A0A8C4LYQ6_EQUAS	STAB1	Stabilin 1	1	1	98.2503
A0A8C4LYX9	A0A8C4LYX9_EQUAS	LOC106845585	glutathione transferase	8	5	1789.63
A0A8C4LZ07	A0A8C4LZ07_EQUAS	ACY1	N-acyl-aliphatic-L-amino acid amidohydrolase	7	7	177.192
A0A8C4LZ28	A0A8C4LZ28_EQUAS	NECTIN4	Nectin cell adhesion molecule 4	7	7	161.037
A0A8C4LZB3	A0A8C4LZB3_EQUAS	ITGB3	Integrin beta	2	2	620.768
A0A8C4LZD2	A0A8C4LZD2_EQUAS	CD200	CD200 molecule	3	3	1467.75
A0A8C4LZI5	A0A8C4LZI5_EQUAS	CHMP2B	Charged multivesicular body protein 2B	2	2	85.0831
A0A8C4M013	A0A8C4M013_EQUAS	ADH5	S-(hydroxymethyl)glutathione dehydrogenase	3	2	95.2581
A0A8C4M020	A0A8C4M020_EQUAS	EPHB3	Ephrin type-B receptor 3	8	7	352.7
A0A8C4M0E4	A0A8C4M0E4_EQUAS	PROS1	Vitamin K-dependent protein S	16	16	1944.43
A0A8C4M0K5	A0A8C4M0K5_EQUAS	PPIC	Peptidyl-prolyl cis-trans isomerase	1	1	45.7323
A0A8C4M0V2	A0A8C4M0V2_EQUAS	LOC106827567	Adhesion G protein-coupled receptor E2	1	1	138.93
A0A8C4M186	A0A8C4M186_EQUAS	C7	Complement C7	7	7	1172.72
A0A8C4M1L3	A0A8C4M1L3_EQUAS	LOC106828032	Ig-like domain-containing protein	2	1	381.578
A0A8C4M219	A0A8C4M219_EQUAS	CDH13	Cadherin-13	12	12	409.293
A0A8C4M261	A0A8C4M261_EQUAS	APOE	Apolipoprotein E	15	15	1107.59
A0A8C4M287	A0A8C4M287_EQUAS	TSG101	Tumor susceptibility 101	5	5	269.251
A0A8C4M2K5	A0A8C4M2K5_EQUAS	TSKU	Tsukushi, small leucine rich proteoglycan	2	2	136.206
A0A8C4M2R1	A0A8C4M2R1_EQUAS	ADAM12	ADAM metallopeptidase domain 12	4	4	475.486
A0A8C4M2Z0	A0A8C4M2Z0_EQUAS	LOC106822389	VWFA domain-containing protein	4	2	203.52
A0A8C4M317	A0A8C4M317_EQUAS	LOC106844510	C-type lectin domain-containing protein	3	2	128.946
A0A8C4M394	A0A8C4M394_EQUAS	PPT2	Palmitoyl-protein thioesterase 2	1	1	145.853
A0A8C4M3B1	A0A8C4M3B1_EQUAS	CLDN10	Claudin	1	1	10.7732
A0A8C4M3I8	A0A8C4M3I8_EQUAS	OGN	Mimecan	5	5	320.652
A0A8C4M3S4	A0A8C4M3S4_EQUAS	ADAMTS2	ADAM metallopeptidase with thrombospondin type 1 motif 2	1	1	56.7788
A0A8C4M3U7	A0A8C4M3U7_EQUAS	MXRA8	Matrix remodeling-associated protein 8	17	17	13172.7
A0A8C4M431	A0A8C4M431_EQUAS	SPPL2A	Signal peptide peptidase like 2A	1	1	69.1117
A0A8C4M487	A0A8C4M487_EQUAS	SUPT5H	Transcription elongation factor SPT5	1	1	79.5969
A0A8C4M4G9	A0A8C4M4G9_EQUAS	ARRDC1	Arrestin domain containing 1	2	2	28.4357
A0A8C4M4N1	A0A8C4M4N1_EQUAS	FGFR2	Fibroblast growth factor receptor	4	4	178.721
A0A8C4M4N2	A0A8C4M4N2_EQUAS	TXNDC5	protein disulfide-isomerase	1	1	29.3748
A0A8C4M528	A0A8C4M528_EQUAS	ITIH4	Inter-alpha-trypsin inhibitor heavy chain 4	13	13	120.455
A0A8C4M5D5	A0A8C4M5D5_EQUAS	KNG1	Kininogen 1	20	20	14632.1
A0A8C4M5D7	A0A8C4M5D7_EQUAS	ALDOA	Fructose-bisphosphate aldolase	14	14	437.84
A0A8C4M5G7	A0A8C4M5G7_EQUAS	TKT	Transketolase	7	7	193.092
A0A8C4M5I8	A0A8C4M5I8_EQUAS	TMED7	Transmembrane p24 trafficking protein 7	4	4	218.355
A0A8C4M5P7;A0A9L0J0D8;A0A9L0J919;A0A9L0JBH6;A0A9L0JC40;A0A9L0JJF4;A0A9L0JTG6;A0A9L0KKQ0	A0A8C4M5P7_EQUAS;A0A9L0J0D8_EQUAS;A0A9L0J919_EQUAS;A0A9L0JBH6_EQUAS;A0A9L0JC40_EQUAS;A0A9L0JJF4_EQUAS;A0A9L0JTG6_EQUAS;A0A9L0KKQ0_EQUAS	H2AC6;H2AJ;LOC106821822;LOC106823450;LOC106823470;LOC106837813;LOC106837830;LOC106837831	Histone H2A	4	0	239.567
A0A8C4M667	A0A8C4M667_EQUAS	ADGRL1	Adhesion G protein-coupled receptor L1	9	9	517.34
A0A8C4M699	A0A8C4M699_EQUAS	LOX	Lysyl oxidase homolog	2	2	120.093
A0A8C4M6D2	A0A8C4M6D2_EQUAS	FAT3	FAT atypical cadherin 3	2	2	337.585
A0A8C4M6D7	A0A8C4M6D7_EQUAS		Ig-like domain-containing protein	12	11	19676.4
A0A8C4M6I5	A0A8C4M6I5_EQUAS	C8B	Complement component C8 beta chain	1	1	145.604
A0A8C4M6J7	A0A8C4M6J7_EQUAS	FSTL1	Follistatin-related protein 1	8	8	545.826
A0A8C4M6L0	A0A8C4M6L0_EQUAS	NPR3	Natriuretic peptide receptor 3	1	1	37.8914
A0A8C4M6T5;A0A8C4M810;A0A8C4PJM9;A0A9L0JW45;A0A9L0KBZ0	A0A8C4M6T5_EQUAS;A0A8C4M810_EQUAS;A0A8C4PJM9_EQUAS;A0A9L0JW45_EQUAS;A0A9L0KBZ0_EQUAS	CLIC2;PCBP1;PCBP2;PCBP3;PCBP4	K Homology domain-containing protein	1	0	33.767
A0A8C4M6T7	A0A8C4M6T7_EQUAS	FAM151A	Protein FAM151A	8	8	630.239
A0A8C4M6V9	A0A8C4M6V9_EQUAS	AGRN	Agrin	11	11	794.752
A0A8C4M770	A0A8C4M770_EQUAS	CADM4	Cell adhesion molecule 4	9	9	623.106
A0A8C4M797	A0A8C4M797_EQUAS	F2	Prothrombin	12	12	33132.2
A0A8C4M7A9	A0A8C4M7A9_EQUAS	CFB	Complement factor B	27	27	12921.8
A0A8C4M7H6	A0A8C4M7H6_EQUAS	FBN2	Fibrillin 2	6	6	279.827
A0A8C4M837	A0A8C4M837_EQUAS	A2M	Alpha-2-macroglobulin	59	56	3893.32
A0A8C4M8B5	A0A8C4M8B5_EQUAS	FAH	Fumarylacetoacetase	2	2	49.5448
A0A8C4M8I6	A0A8C4M8I6_EQUAS	CTSO	Cathepsin O	3	3	105.485
A0A8C4M8P4	A0A8C4M8P4_EQUAS	PAM	Peptidylglycine alpha-amidating monooxygenase	3	3	477.77
A0A8C4M8S0	A0A8C4M8S0_EQUAS	PCDH17	Protocadherin 17	3	2	96.8883
A0A8C4M8Y5	A0A8C4M8Y5_EQUAS	MDK	Midkine	2	2	714.754
A0A8C4M972	A0A8C4M972_EQUAS	CLIC1	Chloride intracellular channel protein	6	6	341.005
A0A8C4M9A3	A0A8C4M9A3_EQUAS	PINLYP	UPAR/Ly6 domain-containing protein	2	2	27.4009
A0A8C4M9J5	A0A8C4M9J5_EQUAS	QSOX1	Sulfhydryl oxidase	10	10	136.34
A0A8C4M9Q8	A0A8C4M9Q8_EQUAS	CTRC	Chymotrypsin C	6	6	160.097
A0A8C4MAF9	A0A8C4MAF9_EQUAS	CLU	Clusterin	17	17	3202.1
A0A8C4MAU4	A0A8C4MAU4_EQUAS	LOC106831006	C4a anaphylatoxin	20	20	3836.36
A0A8C4MAY2	A0A8C4MAY2_EQUAS	LDHB	L-lactate dehydrogenase	10	9	392.748
A0A8C4MAZ0	A0A8C4MAZ0_EQUAS	COPG1	Coatomer subunit gamma	2	2	139.603
A0A8C4MAZ5	A0A8C4MAZ5_EQUAS	FGFR1	Fibroblast growth factor receptor	4	4	181.15
A0A8C4MB52	A0A8C4MB52_EQUAS	THBS1	Thrombospondin 1	14	14	3493.01
A0A8C4MB75	A0A8C4MB75_EQUAS	DDAH1	Dimethylarginine dimethylaminohydrolase 1	1	1	135.734
A0A8C4MBD9	A0A8C4MBD9_EQUAS	APOH	Beta-2-glycoprotein 1	13	13	22129.5
A0A8C4MBF6	A0A8C4MBF6_EQUAS	DSC3	Desmocollin 3	11	11	3725.19
A0A8C4MBG3	A0A8C4MBG3_EQUAS	AFP	Alpha-fetoprotein	26	26	1468.05
A0A8C4MBR7	A0A8C4MBR7_EQUAS	C1R	complement subcomponent C1r	3	3	54.2443
A0A8C4MC43	A0A8C4MC43_EQUAS	DSC1	Desmocollin 1	6	6	1359.79
A0A8C4MCB1	A0A8C4MCB1_EQUAS	TTR	Transthyretin	9	9	3253.47
A0A8C4MCS7	A0A8C4MCS7_EQUAS	C1S	Complement C1s	7	6	212.766
A0A8C4MD16	A0A8C4MD16_EQUAS	TMEM59	Transmembrane protein 59	2	2	106.288
A0A8C4MD32	A0A8C4MD32_EQUAS	VWF	von Willebrand factor	3	3	128.099
A0A8C4MD41	A0A8C4MD41_EQUAS	PLOD3	procollagen-lysine 5-dioxygenase	3	3	42.8045
A0A8C4MD74	A0A8C4MD74_EQUAS	TNFRSF1A	Tumor necrosis factor receptor superfamily member 1A	8	8	369.3
A0A8C4MD76	A0A8C4MD76_EQUAS	ADGRL2	Adhesion G protein-coupled receptor L2	2	2	53.7661
A0A8C4MDA7	A0A8C4MDA7_EQUAS	ESD	S-formylglutathione hydrolase	2	2	65.127
A0A8C4MDF1	A0A8C4MDF1_EQUAS	CDH17	Cadherin 17	1	1	64.2287
A0A8C4MDS1	A0A8C4MDS1_EQUAS	AFM	Afamin	5	5	145.939
A0A8C4ME06;A0A9L0J4M0	A0A8C4ME06_EQUAS;A0A9L0J4M0_EQUAS	RALA;RALB	RAS like proto-oncogene A	1	0	52.4913
A0A8C4ME28	A0A8C4ME28_EQUAS	ANXA3	Annexin	4	4	114.453
A0A8C4MEB9	A0A8C4MEB9_EQUAS	FBLN2	Fibulin 2	9	9	816.046
A0A8C4MED5	A0A8C4MED5_EQUAS	DSG1	Desmoglein 1	3	3	82.3032
A0A8C4MEG4	A0A8C4MEG4_EQUAS	DSC2	Desmocollin 2	21	20	3633.2
A0A8C4MEM9	A0A8C4MEM9_EQUAS	GC	Vitamin D-binding protein	19	19	1183.33
A0A8C4MET4	A0A8C4MET4_EQUAS	OIT3	Oncoprotein induced transcript 3	12	12	664.477
A0A8C4MF77	A0A8C4MF77_EQUAS	SHMT1	Serine hydroxymethyltransferase	3	2	60.3922
A0A8C4MFD5	A0A8C4MFD5_EQUAS	AEBP1	AE binding protein 1	6	5	341.917
A0A8C4MG66;A0A8C4PRX6;A0A9L0ID46;A0A9L0IV10;A0A9L0KB30	A0A8C4MG66_EQUAS;A0A8C4PRX6_EQUAS;A0A9L0ID46_EQUAS;A0A9L0IV10_EQUAS;A0A9L0KB30_EQUAS	LOC106838780;RPS27A;UBA52;UBB;UBC	Ubiquitin-like domain-containing protein	6	0	3763.55
A0A8C4MG72	A0A8C4MG72_EQUAS	HEXB	Beta-hexosaminidase	5	5	743.681
A0A8C4MGC3	A0A8C4MGC3_EQUAS	PCOLCE	Procollagen C-endopeptidase enhancer	12	12	3667.68
A0A8C4MGD2	A0A8C4MGD2_EQUAS		Ig-like domain-containing protein	6	5	74766
A0A8C4MGI7	A0A8C4MGI7_EQUAS	ASAH1	Acid ceramidase	2	2	125.079
A0A8C4MGI8	A0A8C4MGI8_EQUAS	CD163	SRCR domain-containing protein	2	2	2386.81
A0A8C4MGJ7;A0A8C4MNC8	A0A8C4MGJ7_EQUAS;A0A8C4MNC8_EQUAS	LOC106833283;LOC106833287	Purine nucleoside phosphorylase	1	0	8.69699
A0A8C4MGQ2	A0A8C4MGQ2_EQUAS	LOC106828097	Alpha-amylase	3	3	91.6557
A0A8C4MGY1	A0A8C4MGY1_EQUAS		Ig-like domain-containing protein	2	2	63.1564
A0A8C4MH45	A0A8C4MH45_EQUAS	ALDH1A3	Aldehyde dehydrogenase 1 family member A3	1	1	26.8996
A0A8C4MHL4	A0A8C4MHL4_EQUAS	MMP2	72 kDa type IV collagenase	1	1	54.0423
A0A8C4MHQ2	A0A8C4MHQ2_EQUAS	FBN1	Fibrillin 1	33	32	1276.77
A0A8C4MHS3	A0A8C4MHS3_EQUAS	WDR24	GATOR2 complex protein WDR24	1	1	1741.68
A0A8C4MI19	A0A8C4MI19_EQUAS	ENPP6	glycerophosphocholine cholinephosphodiesterase	1	1	19.7334
A0A8C4MI21	A0A8C4MI21_EQUAS	NOTCH1	Neurogenic locus notch homolog protein 1	4	4	70.2659
A0A8C4MI33	A0A8C4MI33_EQUAS	EXTL2	Exostosin like glycosyltransferase 2	2	2	76.4151
A0A8C4MI88	A0A8C4MI88_EQUAS	PPIA	Peptidyl-prolyl cis-trans isomerase	11	10	1302.29
A0A8C4MID5	A0A8C4MID5_EQUAS	SLC44A4	Choline transporter-like protein	5	5	369.938
A0A8C4MIK3	A0A8C4MIK3_EQUAS	LOC123278215	Integrin beta	2	1	118.926
A0A8C4MIM2	A0A8C4MIM2_EQUAS	RELT	RELT TNF receptor	1	1	228.616
A0A8C4MIN8	A0A8C4MIN8_EQUAS	DDAH2	DDAH family member 2, ADMA-independent	8	7	323.86
A0A8C4MIQ1	A0A8C4MIQ1_EQUAS	SGCA	Sarcoglycan alpha	2	2	77.4393
A0A8C4MIU3	A0A8C4MIU3_EQUAS	TOR1AIP2	Torsin 1A interacting protein 2	1	1	28.1697
A0A8C4MIZ3	A0A8C4MIZ3_EQUAS	FGG	Fibrinogen gamma chain	15	15	400.118
A0A8C4MJ90	A0A8C4MJ90_EQUAS	PEBP4	Phosphatidylethanolamine binding protein 4	5	5	764.555
A0A8C4MJ91	A0A8C4MJ91_EQUAS	GGH	folate gamma-glutamyl hydrolase	3	3	142.733
A0A8C4MJY3;A0A9L0IW95	A0A8C4MJY3_EQUAS;A0A9L0IW95_EQUAS	EIF5A;EIF5A2	Translation elongation factor IF5A C-terminal domain-containing protein	1	0	37.8241
A0A8C4MKA8	A0A8C4MKA8_EQUAS	NHERF1	Na(+)/H(+) exchange regulatory cofactor NHE-RF	6	6	200.855
A0A8C4MKB7	A0A8C4MKB7_EQUAS	GAPDH	Glyceraldehyde-3-phosphate dehydrogenase	11	2	369.124
A0A8C4MKE2	A0A8C4MKE2_EQUAS		Carboxylic ester hydrolase	8	8	477.868
A0A8C4ML13	A0A8C4ML13_EQUAS	CD68	CD68 molecule	3	3	934.568
A0A8C4ML39	A0A8C4ML39_EQUAS	DPP7	Dipeptidyl peptidase 7	1	1	37.912
A0A8C4ML71	A0A8C4ML71_EQUAS	GFRA2	GDNF family receptor alpha-2	1	1	24.2087
A0A8C4MLB9	A0A8C4MLB9_EQUAS	CTSB	Cathepsin B	9	9	573.846
A0A8C4MLG2	A0A8C4MLG2_EQUAS	C8G	Complement C8 gamma chain	9	9	1332.46
A0A8C4MLN0	A0A8C4MLN0_EQUAS	PDGFRA	Platelet-derived growth factor receptor alpha	2	2	626.423
A0A8C4MLR1	A0A8C4MLR1_EQUAS	DDR1	receptor protein-tyrosine kinase	11	11	276.903
A0A8C4MLS4	A0A8C4MLS4_EQUAS	DCN	Decorin	1	1	176.997
A0A8C4MLY4	A0A8C4MLY4_EQUAS	MYH9	Myosin-9	4	2	119.525
A0A8C4MM98	A0A8C4MM98_EQUAS	MASP2	MBL associated serine protease 2	3	3	618.376
A0A8C4MMK7	A0A8C4MMK7_EQUAS	GSTA4	glutathione transferase	3	3	100.117
A0A8C4MMT9	A0A8C4MMT9_EQUAS		Ig-like domain-containing protein	1	0	140.495
A0A8C4MNC2	A0A8C4MNC2_EQUAS	EPHB4	receptor protein-tyrosine kinase	7	7	255.624
A0A8C4MNG7	A0A8C4MNG7_EQUAS		Ig-like domain-containing protein	1	1	675.697
A0A8C4MNI1	A0A8C4MNI1_EQUAS	PTPRM	protein-tyrosine-phosphatase	4	4	140.252
A0A8C4MNX4	A0A8C4MNX4_EQUAS	IGF2R	Insulin like growth factor 2 receptor	20	20	257.029
A0A8C4MP96	A0A8C4MP96_EQUAS	GOLM1	Golgi membrane protein 1	9	9	381.923
A0A8C4MPH4	A0A8C4MPH4_EQUAS	A1BG	Alpha-1-B glycoprotein	15	15	15382.1
A0A8C4MPI1	A0A8C4MPI1_EQUAS	FBP1	Fructose-1,6-bisphosphatase 1	10	9	201.356
A0A8C4MQ01	A0A8C4MQ01_EQUAS	LAMB1	Laminin subunit beta 1	12	11	432.448
A0A8C4MQI7	A0A8C4MQI7_EQUAS	CUBN	Cubilin	60	60	847.017
A0A8C4MQQ2	A0A8C4MQQ2_EQUAS	LOC106844429	Cathepsin L	13	10	1072.69
A0A8C4MR09	A0A8C4MR09_EQUAS	LYPD2	LY6/PLAUR domain containing 2	1	1	60.7853
A0A8C4MR28	A0A8C4MR28_EQUAS	SLC12A1	Solute carrier family 12 member 1	8	8	164.291
A0A8C4MR64	A0A8C4MR64_EQUAS	SPP2	Secreted phosphoprotein 24	4	4	443.947
A0A8C4MRC1	A0A8C4MRC1_EQUAS		Ig-like domain-containing protein	1	1	102.989
A0A8C4MRI0	A0A8C4MRI0_EQUAS	ENO1	phosphopyruvate hydratase	16	14	665.367
A0A8C4MRM8	A0A8C4MRM8_EQUAS	CHMP2A	Charged multivesicular body protein 2A	5	5	582.627
A0A8C4MRP5	A0A8C4MRP5_EQUAS	PEPD	Xaa-Pro dipeptidase	1	1	54.1175
A0A8C4MRU1	A0A8C4MRU1_EQUAS		Ig-like domain-containing protein	1	1	119.562
A0A8C4MRW1	A0A8C4MRW1_EQUAS		Ig-like domain-containing protein	1	1	46.9589
A0A8C4MRZ3	A0A8C4MRZ3_EQUAS	EGFR	Receptor protein-tyrosine kinase	4	4	48.8352
A0A8C4MS27	A0A8C4MS27_EQUAS	DPT	Dermatopontin	9	9	19372.3
A0A8C4MS89	A0A8C4MS89_EQUAS	CREG1	Cellular repressor of E1A stimulated genes 1	3	3	668.906
A0A8C4MS94	A0A8C4MS94_EQUAS	ANGPTL2	Angiopoietin like 2	12	10	1078.65
A0A8C4MSC7	A0A8C4MSC7_EQUAS	TMEM106B	Transmembrane protein 106B	2	2	57.0631
A0A8C4MSK0	A0A8C4MSK0_EQUAS	VPS4A	vesicle-fusing ATPase	7	4	289.941
A0A8C4MSM7	A0A8C4MSM7_EQUAS	GP6	Glycoprotein VI platelet	2	2	65.554
A0A8C4MSR9	A0A8C4MSR9_EQUAS	CA1	Carbonic anhydrase	1	1	209.468
A0A8C4MSS5	A0A8C4MSS5_EQUAS	COL1A2	Collagen type I alpha 2 chain	3	3	74.9714
A0A8C4MSV8	A0A8C4MSV8_EQUAS	ARSA	Arylsulfatase A	9	9	636.411
A0A8C4MT05;A0A9L0IXU7	A0A8C4MT05_EQUAS;A0A9L0IXU7_EQUAS	AGR2;AGR3	Anterior gradient 3, protein disulphide isomerase family member	1	0	64.9438
A0A8C4MT36	A0A8C4MT36_EQUAS	L1CAM	L1 cell adhesion molecule	4	4	48.9223
A0A8C4MT56	A0A8C4MT56_EQUAS	SERPINA3	Serpin family A member 3	11	11	1434.59
A0A8C4MTI1	A0A8C4MTI1_EQUAS	MEGF6	Multiple EGF like domains 6	1	1	52.9708
A0A8C4MTU0	A0A8C4MTU0_EQUAS	PI16	Peptidase inhibitor 16	6	6	6957.58
A0A8C4MTU3	A0A8C4MTU3_EQUAS	BSG	Basigin	3	3	257.25
A0A8C4MTW4	A0A8C4MTW4_EQUAS	FBLN1	Fibulin-1	14	14	5415.6
A0A8C4MTW8	A0A8C4MTW8_EQUAS	CD300LB	CD300 molecule like family member b	3	3	522.388
A0A8C4MU29	A0A8C4MU29_EQUAS	C5	Complement C5	1	1	46.3796
A0A8C4MU62	A0A8C4MU62_EQUAS	CLSTN1	Calsyntenin 1	2	2	376.085
A0A8C4MU94	A0A8C4MU94_EQUAS	LMNA	Lamin A/C	4	4	262.419
A0A8C4MV28	A0A8C4MV28_EQUAS	PLXDC2	Plexin domain containing 2	11	10	394.36
A0A8C4MV52	A0A8C4MV52_EQUAS	MADCAM1	Ig-like domain-containing protein	5	5	151.156
A0A8C4MVF4	A0A8C4MVF4_EQUAS	SERPINA5	Serpin family A member 5	12	12	4597.23
A0A8C4MVJ2	A0A8C4MVJ2_EQUAS	THBS3	Thrombospondin 3	2	2	200.026
A0A8C4MVJ7	A0A8C4MVJ7_EQUAS	GAS6	Growth arrest specific 6	23	23	660.142
A0A8C4MVK1	A0A8C4MVK1_EQUAS	LOC106837710	Carboxylic ester hydrolase	2	1	403.071
A0A8C4MVZ7	A0A8C4MVZ7_EQUAS	FSTL3	Follistatin like 3	2	2	83.516
A0A8C4MW27	A0A8C4MW27_EQUAS	LOC106829443	ferroxidase	3	3	40.4349
A0A8C4MW47	A0A8C4MW47_EQUAS	FGFR3	Fibroblast growth factor receptor	3	3	186.781
A0A8C4MWA9	A0A8C4MWA9_EQUAS	CDKL5	Cyclin dependent kinase like 5	1	1	24.9508
A0A8C4MWD3	A0A8C4MWD3_EQUAS	CRKL	CRK like proto-oncogene, adaptor protein	1	1	130.166
A0A8C4MWX1	A0A8C4MWX1_EQUAS	RAB14	Ras-related protein Rab-14	1	1	25.4268
A0A8C4MWX7	A0A8C4MWX7_EQUAS	MEGF9	Multiple EGF like domains 9	4	4	219.691
A0A8C4MX53	A0A8C4MX53_EQUAS		Beta/alpha-defensin C-terminal domain-containing protein	1	1	4501.48
A0A8C4MX86	A0A8C4MX86_EQUAS	CPE	Carboxypeptidase E	11	11	695.198
A0A8C4MX97	A0A8C4MX97_EQUAS	PTPRS	protein-tyrosine-phosphatase	5	5	89.5098
A0A8C4MXD8	A0A8C4MXD8_EQUAS	OPCML	Opioid binding protein/cell adhesion molecule like	8	5	220.892
A0A8C4MXE0	A0A8C4MXE0_EQUAS	IL1R2	Interleukin 1 receptor type 2	1	1	59.5231
A0A8C4MXF6	A0A8C4MXF6_EQUAS	DPP4	Dipeptidyl peptidase 4	18	18	412.423
A0A8C4MXJ6	A0A8C4MXJ6_EQUAS	FBLN5	Fibulin 5	10	10	2009.4
A0A8C4MXJ8	A0A8C4MXJ8_EQUAS	EFNB2	Ephrin B2	8	8	567.165
A0A8C4MXJ9	A0A8C4MXJ9_EQUAS	PLG	Plasminogen	33	33	4498.73
A0A8C4MXQ4	A0A8C4MXQ4_EQUAS	TINAG	Tubulointerstitial nephritis antigen	1	1	218.555
A0A8C4MYH6	A0A8C4MYH6_EQUAS	CTSA	Carboxypeptidase	6	6	409.85
A0A8C4MYL9	A0A8C4MYL9_EQUAS	DDR2	receptor protein-tyrosine kinase	3	3	113.222
A0A8C4MYR1	A0A8C4MYR1_EQUAS	PROC	Vitamin K-dependent protein C	6	6	878.844
A0A8C4MYU7	A0A8C4MYU7_EQUAS	NTM	Neurotrimin	4	4	89.9836
A0A8C4MYV5	A0A8C4MYV5_EQUAS	SHISA2	Shisa family member 2	2	2	73.7582
A0A8C4MYW4	A0A8C4MYW4_EQUAS	TMEM63C	Transmembrane protein 63C	1	1	156.774
A0A8C4MZ33	A0A8C4MZ33_EQUAS	SULF2	Extracellular sulfatase	2	2	255.553
A0A8C4MZ79	A0A8C4MZ79_EQUAS	ENPP2	Ectonucleotide pyrophosphatase/phosphodiesterase 2	8	8	112.743
A0A8C4MZA8	A0A8C4MZA8_EQUAS	LOC106836351	Lipocalin/cytosolic fatty-acid binding domain-containing protein	8	7	1184.07
A0A8C4MZB3	A0A8C4MZB3_EQUAS	PLXNB2	Plexin B2	3	3	1817.65
A0A8C4MZR8	A0A8C4MZR8_EQUAS	COL2A1	Collagen type II alpha 1 chain	3	2	139.781
A0A8C4MZZ2	A0A8C4MZZ2_EQUAS	COL14A1	Collagen type XIV alpha 1 chain	16	16	1956.21
A0A8C4N0B9	A0A8C4N0B9_EQUAS	PCDH1	Protocadherin 1	10	10	129.543
A0A8C4N0N3	A0A8C4N0N3_EQUAS	CTSZ	cathepsin X	11	11	1115.48
A0A8C4N0W1	A0A8C4N0W1_EQUAS	MAL2	Mal, T cell differentiation protein 2	1	1	95.278
A0A8C4N126	A0A8C4N126_EQUAS	CP	ferroxidase	36	35	1664.77
A0A8C4N1R5	A0A8C4N1R5_EQUAS	TNFRSF9	TNF receptor superfamily member 9	4	4	211.351
A0A8C4N254	A0A8C4N254_EQUAS	YWHAB	Tyrosine 3-monooxygenase/tryptophan 5-monooxygenase activation protein beta	4	2	438.924
A0A8C4N257	A0A8C4N257_EQUAS	GPI	Glucose-6-phosphate isomerase	7	7	173.118
A0A8C4N261	A0A8C4N261_EQUAS	FRZB	Secreted frizzled-related protein 3	1	1	220.968
A0A8C4N2N6	A0A8C4N2N6_EQUAS	SERPINA6	Corticosteroid-binding globulin	10	10	498.644
A0A8C4N308	A0A8C4N308_EQUAS	MME	Neprilysin	16	16	732.976
A0A8C4N327	A0A8C4N327_EQUAS	LGMN	Legumain	6	6	350.293
A0A8C4N4B8	A0A8C4N4B8_EQUAS	TGFBR1	TGF-beta receptor type-1	1	1	91.7899
A0A8C4N5C8	A0A8C4N5C8_EQUAS	CCN3	CCN family member 3	9	9	5343.25
A0A8C4N5G1	A0A8C4N5G1_EQUAS	COL4A2	Collagen type IV alpha 2 chain	3	3	185.657
A0A8C4N5R3	A0A8C4N5R3_EQUAS	COL4A1	Collagen type IV alpha 1 chain	2	1	60.2086
A0A8C4N5Z3	A0A8C4N5Z3_EQUAS	PXDN	Peroxidasin	3	3	1056.88
A0A8C4N695	A0A8C4N695_EQUAS	SERPIND1	Serpin family D member 1	5	5	137.202
A0A8C4N6N9	A0A8C4N6N9_EQUAS	EEF2	Elongation factor 2	2	2	71.1592
A0A8C4N708	A0A8C4N708_EQUAS	ITFG1	Integrin alpha FG-GAP repeat containing 1	3	3	34.9437
A0A8C4N7H9	A0A8C4N7H9_EQUAS	APLP2	Amyloid beta precursor like protein 2	1	1	123.075
A0A8C4N9K7	A0A8C4N9K7_EQUAS	WFDC2	WAP four-disulfide core domain protein 2	9	9	40255.3
A0A8C4PEU8	A0A8C4PEU8_EQUAS	RECK	Reversion inducing cysteine rich protein with kazal motifs	4	4	136.884
A0A8C4PF28	A0A8C4PF28_EQUAS	CPN2	Carboxypeptidase N subunit 2	9	9	268.223
A0A8C4PF39	A0A8C4PF39_EQUAS	APOD	Apolipoprotein D	5	5	603.935
A0A8C4PF64	A0A8C4PF64_EQUAS	CDH15	Cadherin 15	21	21	4177.34
A0A8C4PF82	A0A8C4PF82_EQUAS	TPM3	Tropomyosin 3	2	1	192.33
A0A8C4PFM4	A0A8C4PFM4_EQUAS	LOC106830211	Globin domain-containing protein	15	11	6878.51
A0A8C4PFQ4	A0A8C4PFQ4_EQUAS	SMPD1	Sphingomyelin phosphodiesterase	22	22	990.436
A0A8C4PFR5	A0A8C4PFR5_EQUAS	LOC106836252	Ig-like domain-containing protein	1	1	171.122
A0A8C4PG04	A0A8C4PG04_EQUAS	SERPING1	Serpin family G member 1	13	13	2498.88
A0A8C4PG06	A0A8C4PG06_EQUAS	LOC106832873	Serpin domain-containing protein	5	3	153.163
A0A8C4PGD2	A0A8C4PGD2_EQUAS	VSIG2	V-set and immunoglobulin domain containing 2	1	1	112.701
A0A8C4PGG1	A0A8C4PGG1_EQUAS	PROM2	Prominin 2	5	5	180.527
A0A8C4PGH6	A0A8C4PGH6_EQUAS	BMPR2	receptor protein serine/threonine kinase	2	2	345.365
A0A8C4PGI4	A0A8C4PGI4_EQUAS	CD55	Sushi domain-containing protein	11	11	1707.57
A0A8C4PGI6	A0A8C4PGI6_EQUAS	CLMP	CXADR like membrane protein	2	2	173.862
A0A8C4PGI8	A0A8C4PGI8_EQUAS	LOC106842740	Lipocalin/cytosolic fatty-acid binding domain-containing protein	12	2	5748.38
A0A8C4PGJ2	A0A8C4PGJ2_EQUAS	MVB12A	Multivesicular body subunit 12A	1	1	115.534
A0A8C4PGK0	A0A8C4PGK0_EQUAS	PGLS	6-phosphogluconolactonase	7	7	186.122
A0A8C4PGU5;A0A9L0J2L6	A0A8C4PGU5_EQUAS;A0A9L0J2L6_EQUAS	GNAI1;GNAI3	G protein subunit alpha i3	3	0	169.268
A0A8C4PH45	A0A8C4PH45_EQUAS	TFF2	Trefoil factor 2	2	2	975.775
A0A8C4PH86	A0A8C4PH86_EQUAS	LOC106832730	Complement C3	2	2	69.6188
A0A8C4PHH4;A0A9L0KAA9	A0A8C4PHH4_EQUAS;A0A9L0KAA9_EQUAS	LOC106845147;LOC106845148	IGF like family member 1	2	0	133.428
A0A8C4PHI1	A0A8C4PHI1_EQUAS	HGFAC	HGF activator	2	2	66.5759
A0A8C4PHI2	A0A8C4PHI2_EQUAS	COL12A1	Collagen type XII alpha 1 chain	44	44	9943.2
A0A8C4PHI5	A0A8C4PHI5_EQUAS	BPIFB2	BPI fold containing family B member 2	5	5	295.528
A0A8C4PHM2	A0A8C4PHM2_EQUAS	EDIL3	EGF like repeats and discoidin domains 3	1	1	623.262
A0A8C4PHP5	A0A8C4PHP5_EQUAS	CD109	CD109 molecule	14	14	431.109
A0A8C4PHP8	A0A8C4PHP8_EQUAS		Ig-like domain-containing protein	12	11	105891
A0A8C4PHR3	A0A8C4PHR3_EQUAS	FUCA1	Alpha-L-fucosidase	8	8	321.448
A0A8C4PHZ7	A0A8C4PHZ7_EQUAS	CFP	Complement factor properdin	2	2	198.103
A0A8C4PI14	A0A8C4PI14_EQUAS	NPTN	Neuroplastin	2	2	235.623
A0A8C4PI22;A0A8C4PVI1	A0A8C4PI22_EQUAS;A0A8C4PVI1_EQUAS	PSMA7;PSMA8	Proteasome 20S subunit alpha 8	1	0	34.1637
A0A8C4PI34	A0A8C4PI34_EQUAS	LOC106822244	Metallothionein	2	1	301.574
A0A8C4PIA1	A0A8C4PIA1_EQUAS	ENPEP	Aminopeptidase	9	9	163.777
A0A8C4PIC7	A0A8C4PIC7_EQUAS	LOC106827410	Glutathione S-transferase	4	4	66.8343
A0A8C4PIE3	A0A8C4PIE3_EQUAS		Beta-hexosaminidase subunit alpha	2	2	242.628
A0A8C4PIF5	A0A8C4PIF5_EQUAS	ADGRG1	Adhesion G-protein coupled receptor G1	3	3	94.533
A0A8C4PIQ3	A0A8C4PIQ3_EQUAS	ZG16B	Jacalin-type lectin domain-containing protein	2	2	291.792
A0A8C4PIR3	A0A8C4PIR3_EQUAS	GLB1	Beta-galactosidase	8	8	852.886
A0A8C4PIS0;A0A9L0JCE5	A0A8C4PIS0_EQUAS;A0A9L0JCE5_EQUAS	RAC1;RAC3	Rac family small GTPase 3	3	0	211.43
A0A8C4PIY1	A0A8C4PIY1_EQUAS	CILP	Cartilage intermediate layer protein	2	2	104.897
A0A8C4PIY3	A0A8C4PIY3_EQUAS	FBLN7	Fibulin 7	8	8	1279.61
A0A8C4PJ01	A0A8C4PJ01_EQUAS	APOA4	Apolipoprotein A-IV	19	19	679.036
A0A8C4PJ20;A0A9L0JHL4	A0A8C4PJ20_EQUAS;A0A9L0JHL4_EQUAS	KRT13;KRT15	Keratin 15	2	0	136.458
A0A8C4PJ80	A0A8C4PJ80_EQUAS	MERTK	receptor protein-tyrosine kinase	1	1	44.7456
A0A8C4PJA4	A0A8C4PJA4_EQUAS	LAMC2	Laminin subunit gamma 2	1	1	64.4741
A0A8C4PJL2	A0A8C4PJL2_EQUAS	NOTCH2	Neurogenic locus notch homolog protein 2	3	3	85.289
A0A8C4PK28	A0A8C4PK28_EQUAS	XPNPEP2	X-prolyl aminopeptidase 2	8	8	188.205
A0A8C4PK62	A0A8C4PK62_EQUAS	CTH	Cystathionine gamma-lyase	1	1	13.16
A0A8C4PKC1	A0A8C4PKC1_EQUAS	TMEM132A	Transmembrane protein 132A	2	2	58.3241
A0A8C4PKF5	A0A8C4PKF5_EQUAS	CAPN6	Calpain 6	5	5	108.429
A0A8C4PKL0	A0A8C4PKL0_EQUAS	ANGPTL3	Angiopoietin like 3	10	10	169.45
A0A8C4PKV5	A0A8C4PKV5_EQUAS	KRT3	Keratin 3	2	1	383.739
A0A8C4PKW5	A0A8C4PKW5_EQUAS	MAN1A1	alpha-1,2-Mannosidase	2	2	255.677
A0A8C4PL36	A0A8C4PL36_EQUAS	ALDH1A1	Aldehyde dehydrogenase 1 family member A1	25	23	1245.58
A0A8C4PL78	A0A8C4PL78_EQUAS	SMPDL3A	Sphingomyelin phosphodiesterase acid like 3A	4	4	95.5128
A0A8C4PLD0	A0A8C4PLD0_EQUAS	NID2	Nidogen 2	24	23	7917.35
A0A8C4PLJ3	A0A8C4PLJ3_EQUAS	IGLON5	IgLON family member 5	3	3	256.894
A0A8C4PLL2	A0A8C4PLL2_EQUAS	KIAA1549	KIAA1549	2	2	46.0579
A0A8C4PM95	A0A8C4PM95_EQUAS	CDH5	Cadherin-5	3	3	94.3862
A0A8C4PMG6	A0A8C4PMG6_EQUAS	PLD3	5'-3' exonuclease PLD3	4	4	133.117
A0A8C4PMJ4	A0A8C4PMJ4_EQUAS	NPC2	NPC intracellular cholesterol transporter 2	10	10	30604
A0A8C4PMQ8	A0A8C4PMQ8_EQUAS	RBP4	Plasma retinol-binding protein	5	5	429.91
A0A8C4PMR8	A0A8C4PMR8_EQUAS	LTBP2	Latent transforming growth factor beta binding protein 2	8	8	12722.2
A0A8C4PMS2	A0A8C4PMS2_EQUAS	LOC106840555	Uncharacterized protein	1	0	198.93
A0A8C4PMT1	A0A8C4PMT1_EQUAS	KIAA0319L	KIAA0319 like	3	3	252.953
A0A8C4PMU2	A0A8C4PMU2_EQUAS	CDHR2	Cadherin related family member 2	4	4	703.072
A0A8C4PNC6	A0A8C4PNC6_EQUAS	RNLS	Renalase, FAD dependent amine oxidase	1	1	91.4044
A0A8C4PNY8	A0A8C4PNY8_EQUAS	OMD	Osteomodulin	7	7	3741.72
A0A8C4PNZ6	A0A8C4PNZ6_EQUAS	NECTIN2	Nectin cell adhesion molecule 2	12	11	1757.51
A0A8C4PP47	A0A8C4PP47_EQUAS	C6	Complement component C6	2	2	354.31
A0A8C4PP62	A0A8C4PP62_EQUAS	LIFR	LIF receptor subunit alpha	2	2	93.5901
A0A8C4PP82	A0A8C4PP82_EQUAS	CLCA1	Calcium-activated chloride channel regulator 1	34	32	4271.52
A0A8C4PP94	A0A8C4PP94_EQUAS	MASP1	MBL associated serine protease 1	3	3	79.5767
A0A8C4PPH3	A0A8C4PPH3_EQUAS	ICAM2	Intercellular adhesion molecule 2	5	5	1355.42
A0A8C4PPH5	A0A8C4PPH5_EQUAS	LCAT	Lecithin-cholesterol acyltransferase	5	5	209.078
A0A8C4PPS8	A0A8C4PPS8_EQUAS	HTRA1	HtrA serine peptidase 1	5	5	297.156
A0A8C4PQ17	A0A8C4PQ17_EQUAS	AKR1B1	Aldo-keto reductase family 1 member B	14	11	3612.31
A0A8C4PQH8	A0A8C4PQH8_EQUAS	PLXND1	Plexin D1	3	3	144.921
A0A8C4PQR4	A0A8C4PQR4_EQUAS	GNB1	G protein subunit beta 1	4	2	154.111
A0A8C4PQU8	A0A8C4PQU8_EQUAS	FGA	Fibrinogen alpha chain	16	16	4850.52
A0A8C4PQX4	A0A8C4PQX4_EQUAS	LOC106837426	Alpha-2-macroglobulin	2	2	19.9458
A0A8C4PRE0	A0A8C4PRE0_EQUAS	ALB	Albumin	74	74	62425.1
A0A8C4PRG0	A0A8C4PRG0_EQUAS	ITM2B	Integral membrane protein 2	1	1	69.8875
A0A8C4PRG2	A0A8C4PRG2_EQUAS		Ig-like domain-containing protein	1	1	317.999
A0A8C4PRJ4	A0A8C4PRJ4_EQUAS	MDH2	Malate dehydrogenase	1	1	26.6967
A0A8C4PRL7	A0A8C4PRL7_EQUAS	NME2	Nucleoside diphosphate kinase	4	1	243.683
A0A8C4PRM3	A0A8C4PRM3_EQUAS	PTGDS	Prostaglandin-H2 D-isomerase	3	3	1436.72
A0A8C4PRN0	A0A8C4PRN0_EQUAS	TNN	Tenascin N	4	4	174.633
A0A8C4PS10	A0A8C4PS10_EQUAS	MFAP4	Microfibril associated protein 4	1	1	80.5219
A0A8C4PS85	A0A8C4PS85_EQUAS	CXCL16	C-X-C motif chemokine 16	2	2	2315.19
A0A8C4PS90	A0A8C4PS90_EQUAS	MYOC	Myocilin	8	8	449.379
A0A8C4PSQ6	A0A8C4PSQ6_EQUAS	GPRC5C	G protein-coupled receptor class C group 5 member C	4	4	515.565
A0A8C4PSU6	A0A8C4PSU6_EQUAS	CA2	Carbonic anhydrase	3	3	183.751
A0A8C4PSU9	A0A8C4PSU9_EQUAS	GDI2	Rab GDP dissociation inhibitor	6	4	173.751
A0A8C4PT05	A0A8C4PT05_EQUAS	ACTN4	Actinin alpha 4	8	4	62.5578
A0A8C4PT52	A0A8C4PT52_EQUAS	FLNA	Filamin A	20	19	1122.45
A0A8C4PT60	A0A8C4PT60_EQUAS	TUBB	Tubulin beta chain	14	2	240.7
A0A8C4PTI4	A0A8C4PTI4_EQUAS	LOC106845585	glutathione transferase	2	0	1305.25
A0A8C4PTJ4	A0A8C4PTJ4_EQUAS	PTPRD	protein-tyrosine-phosphatase	3	3	132.45
A0A8C4PTK5	A0A8C4PTK5_EQUAS	FREM2	FRAS1 related extracellular matrix 2	3	3	27.9605
A0A8C4PTN6	A0A8C4PTN6_EQUAS	MRC1	Mannose receptor C-type 1	2	2	97.1656
A0A8C4PTS8	A0A8C4PTS8_EQUAS	FABP5	Fatty acid binding protein 5	4	4	110.63
A0A8C4PTT8	A0A8C4PTT8_EQUAS	HSPA5	78 kDa glucose-regulated protein	19	17	273.399
A0A8C4PTU2	A0A8C4PTU2_EQUAS	SPINK1	Serine protease inhibitor Kazal-type 1	2	2	3217.75
A0A8C4PU74	A0A8C4PU74_EQUAS	LOC106839842	Double-headed protease inhibitor, submandibular gland	6	6	466.435
A0A8C4PUL0	A0A8C4PUL0_EQUAS	CDH1	Cadherin-1	23	23	9642.22
A0A8C4PUN3	A0A8C4PUN3_EQUAS	GSN	Gelsolin	13	13	1048.34
A0A8C4PUV0	A0A8C4PUV0_EQUAS	DLK1	Delta like non-canonical Notch ligand 1	3	3	2039.74
A0A8C4PUZ2	A0A8C4PUZ2_EQUAS	CPB1	Carboxypeptidase B	3	3	41.0522
A0A8C4PV06	A0A8C4PV06_EQUAS	LAMP1	Lysosomal associated membrane protein 1	3	3	859.706
A0A8C4PV09	A0A8C4PV09_EQUAS	LRG1	Leucine rich alpha-2-glycoprotein 1	12	12	640.35
A0A8C4PV43	A0A8C4PV43_EQUAS	LOC106836350	Lipocalin/cytosolic fatty-acid binding domain-containing protein	1	1	23.3012
A0A8C4PV45	A0A8C4PV45_EQUAS	AMBP	Protein AMBP	20	20	51096.7
A0A8C4PV57	A0A8C4PV57_EQUAS	HNRNPA2B1	Heterogeneous nuclear ribonucleoproteins A2/B1	3	3	72.675
A0A8C4PVS2	A0A8C4PVS2_EQUAS	CD226	CD226 molecule	3	3	90.3648
A0A9L0I3Y0	A0A9L0I3Y0_EQUAS	PRDX6	Peroxiredoxin-6	12	5	264.762
A0A9L0I5F9	A0A9L0I5F9_EQUAS	FETUB	Fetuin B	14	14	782.235
A0A9L0I5I1	A0A9L0I5I1_EQUAS	COL11A1	Collagen type XI alpha 1 chain	2	2	2226.38
A0A9L0I5K3	A0A9L0I5K3_EQUAS	DMP1	Dentin matrix acidic phosphoprotein 1	7	7	769.301
A0A9L0I5N6	A0A9L0I5N6_EQUAS		Uncharacterized protein	12	12	4379.4
A0A9L0I622	A0A9L0I622_EQUAS	LMAN2	Lectin, mannose binding 2	14	14	5905.6
A0A9L0I6E5	A0A9L0I6E5_EQUAS	RAB10	RAB10, member RAS oncogene family	3	1	230.743
A0A9L0I6Q4	A0A9L0I6Q4_EQUAS	LOC106830894	Haptoglobin	31	31	110436
A0A9L0I6U1	A0A9L0I6U1_EQUAS	CNTN1	Contactin-1	3	3	118.308
A0A9L0I6V8	A0A9L0I6V8_EQUAS	VWA1	von Willebrand factor A domain-containing protein 1	1	1	52.5815
A0A9L0I6Z4	A0A9L0I6Z4_EQUAS	OXT	Oxytocin-neurophysin 1	1	1	70.9104
A0A9L0I799	A0A9L0I799_EQUAS	HYI	Putative hydroxypyruvate isomerase	8	8	261.447
A0A9L0I7B0	A0A9L0I7B0_EQUAS	KCTD12	Potassium channel tetramerization domain containing 12	4	3	91.37
A0A9L0I7C5	A0A9L0I7C5_EQUAS	SH3BGRL	SH3 domain-binding glutamic acid-rich-like protein	2	1	100.077
A0A9L0I7I2	A0A9L0I7I2_EQUAS	FOLH1B	Folate hydrolase 1	2	2	60.56
A0A9L0I7J4	A0A9L0I7J4_EQUAS	LOC106834177	Uncharacterized protein	4	4	231.386
A0A9L0I7Y9	A0A9L0I7Y9_EQUAS	A2ML1	Alpha-2-macroglobulin like 1	5	5	41.7137
A0A9L0I8G5	A0A9L0I8G5_EQUAS	LOC123281043	Kallikrein 1	6	6	1376.21
A0A9L0I8H7	A0A9L0I8H7_EQUAS	NRP2	Neuropilin	2	2	70.3207
A0A9L0I8L2	A0A9L0I8L2_EQUAS	THBS2	Thrombospondin 2	1	1	116.266
A0A9L0I8R6;A0A9L0JZ62	A0A9L0I8R6_EQUAS;A0A9L0JZ62_EQUAS	GMFB;GMFG	Glia maturation factor beta	1	0	16.2739
A0A9L0I8W9	A0A9L0I8W9_EQUAS	ALCAM	CD166 antigen	14	14	662.279
A0A9L0I8X8	A0A9L0I8X8_EQUAS	MDH1	Malate dehydrogenase	7	7	426.124
A0A9L0I983	A0A9L0I983_EQUAS	NECTIN1	Ig-like domain-containing protein	5	5	173.752
A0A9L0I9V9	A0A9L0I9V9_EQUAS	PFN2	Profilin	2	2	19.9991
A0A9L0IAH4	A0A9L0IAH4_EQUAS	C1RL	Complement C1r subcomponent like	14	13	1162.9
A0A9L0IAS8	A0A9L0IAS8_EQUAS	OSCAR	Osteoclast associated Ig-like receptor	3	3	446.146
A0A9L0IAW3	A0A9L0IAW3_EQUAS	TNXB	Tenascin XB	35	35	1388.19
A0A9L0IAZ8	A0A9L0IAZ8_EQUAS	VSIG4	V-set and immunoglobulin domain containing 4	4	4	508.136
A0A9L0IB19	A0A9L0IB19_EQUAS	MSMB	Beta-microseminoprotein	3	3	452.381
A0A9L0IBB3	A0A9L0IBB3_EQUAS	PSAP	Prosaposin	11	11	552.229
A0A9L0IBE8	A0A9L0IBE8_EQUAS	DNASE1	Deoxyribonuclease	6	6	668.648
A0A9L0IBN9	A0A9L0IBN9_EQUAS	LOC123288213	Uncharacterized protein	11	4	209.106
A0A9L0ICP5	A0A9L0ICP5_EQUAS	PLEC	Plectin	2	2	107.205
A0A9L0ICV5	A0A9L0ICV5_EQUAS	EFEMP2	EGF containing fibulin extracellular matrix protein 2	19	19	1508.77
A0A9L0ICX5	A0A9L0ICX5_EQUAS	CYTL1	Cytokine like 1	4	4	283.169
A0A9L0ICZ0	A0A9L0ICZ0_EQUAS	LYNX1	Ly-6/neurotoxin-like protein 1	3	3	491.807
A0A9L0ID82	A0A9L0ID82_EQUAS	AHSG	Alpha-2-HS-glycoprotein	13	13	7252.92
A0A9L0ID98	A0A9L0ID98_EQUAS	LOC106827951	MHC class I antigen	12	7	1001.24
A0A9L0IDJ7	A0A9L0IDJ7_EQUAS	ATP1B1	Sodium/potassium-transporting ATPase subunit beta	1	1	44.1448
A0A9L0IDT9	A0A9L0IDT9_EQUAS	LRRC15	Leucine rich repeat containing 15	14	14	6975.95
A0A9L0IE28	A0A9L0IE28_EQUAS	LGALS3BP	Galectin 3 binding protein	10	10	1098.16
A0A9L0IEJ8	A0A9L0IEJ8_EQUAS	MGAM2	Maltase-glucoamylase 2 (putative)	3	3	60.7646
A0A9L0IEK1	A0A9L0IEK1_EQUAS	ATP6AP1	ATPase H+ transporting accessory protein 1	1	1	46.9296
A0A9L0IEL5	A0A9L0IEL5_EQUAS		Ig-like domain-containing protein	1	1	1334.5
A0A9L0IEU3	A0A9L0IEU3_EQUAS	CAPS	EF-hand domain-containing protein	3	3	85.8886
A0A9L0IEZ6	A0A9L0IEZ6_EQUAS	LAMP2	Lysosomal associated membrane protein 2	4	4	1488.44
A0A9L0IF33	A0A9L0IF33_EQUAS	LOC106842742	Lipocalin/cytosolic fatty-acid binding domain-containing protein	13	13	19603.9
A0A9L0IFS3	A0A9L0IFS3_EQUAS	SUOX	sulfite oxidase	2	2	49.646
A0A9L0IFT5	A0A9L0IFT5_EQUAS	CXADR	CXADR Ig-like cell adhesion molecule	5	5	144.865
A0A9L0IFU2	A0A9L0IFU2_EQUAS		Ig-like domain-containing protein	1	1	700.468
A0A9L0IFX0	A0A9L0IFX0_EQUAS	HSPA13	Heat shock 70 kDa protein 13	8	8	315.292
A0A9L0IFX1;A0A9L0JBL9;A0A9L0JI19;A0A9L0KDC4	A0A9L0IFX1_EQUAS;A0A9L0JBL9_EQUAS;A0A9L0JI19_EQUAS;A0A9L0KDC4_EQUAS	LOC106826817;LOC123277990;LOC123278007;SCGB1A1	Uteroglobin	1	0	937.101
A0A9L0IH43	A0A9L0IH43_EQUAS	KRT77	Keratin 77	1	1	1951.51
A0A9L0IH57	A0A9L0IH57_EQUAS	LOC106825295	Mucin-2	2	2	621.673
A0A9L0IH75	A0A9L0IH75_EQUAS	LCN2	Lipocalin/cytosolic fatty-acid binding domain-containing protein	14	14	9262.08
A0A9L0IHC9	A0A9L0IHC9_EQUAS	PVALB	Parvalbumin	5	5	611.5
A0A9L0IHL7	A0A9L0IHL7_EQUAS	C2	Complement C2	3	3	370.983
A0A9L0IHY4	A0A9L0IHY4_EQUAS	EZR	Ezrin	25	18	5239.43
A0A9L0II35	A0A9L0II35_EQUAS	SOD3	Superoxide dismutase [Cu-Zn]	6	6	3052.78
A0A9L0III6	A0A9L0III6_EQUAS	FABP3	Fatty acid binding protein 3	5	4	446.785
A0A9L0IIJ5	A0A9L0IIJ5_EQUAS	TFF3	Trefoil factor 3	2	2	58.6624
A0A9L0IIK5	A0A9L0IIK5_EQUAS	F11R	Junctional adhesion molecule A	6	6	510.789
A0A9L0IIU6	A0A9L0IIU6_EQUAS	SLC26A4	Solute carrier family 26 member 4	7	7	190.431
A0A9L0IJ61	A0A9L0IJ61_EQUAS	LOC106845176	Peptidoglycan-recognition protein	1	1	69.4862
A0A9L0IJ82	A0A9L0IJ82_EQUAS	LOC106836073	Galectin	5	4	121.513
A0A9L0IJ94	A0A9L0IJ94_EQUAS	FRRS1	Ferric chelate reductase 1	2	2	255.623
A0A9L0IJQ6	A0A9L0IJQ6_EQUAS	TIMP2	Metalloproteinase inhibitor 2	3	3	55.8581
A0A9L0IJR1	A0A9L0IJR1_EQUAS	CRELD2	protein disulfide-isomerase	2	2	66.1469
A0A9L0IJU8	A0A9L0IJU8_EQUAS	AXL	receptor protein-tyrosine kinase	10	10	4320.51
A0A9L0IK53	A0A9L0IK53_EQUAS	PHPT1	14 kDa phosphohistidine phosphatase	6	6	565.814
A0A9L0IKG5	A0A9L0IKG5_EQUAS	IL10RB	Interleukin 10 receptor subunit beta	10	10	1439.57
A0A9L0IKY6	A0A9L0IKY6_EQUAS	CADM1	Cell adhesion molecule 1	13	13	2764.03
A0A9L0IL00	A0A9L0IL00_EQUAS	ERP29	Endoplasmic reticulum resident protein 29	3	3	1043.12
A0A9L0ILH3	A0A9L0ILH3_EQUAS	LOC106828440	Ig-like domain-containing protein	1	1	59.192
A0A9L0ILP5	A0A9L0ILP5_EQUAS	NUTF2	Nuclear transport factor 2	6	6	5696.1
A0A9L0ILU0	A0A9L0ILU0_EQUAS	PRDX1	thioredoxin-dependent peroxiredoxin	3	1	271.43
A0A9L0ILX2	A0A9L0ILX2_EQUAS	EFEMP1	EGF containing fibulin extracellular matrix protein 1	23	23	9821.03
A0A9L0ILY0	A0A9L0ILY0_EQUAS	LOC106825103	Ig-like domain-containing protein	4	4	232.514
A0A9L0ILY2	A0A9L0ILY2_EQUAS	SRI	Sorcin	2	2	51.3357
A0A9L0ILZ6	A0A9L0ILZ6_EQUAS	RNASET2	Ribonuclease T2	11	11	407.419
A0A9L0IN20	A0A9L0IN20_EQUAS	RAB22A	RAB22A, member RAS oncogene family	2	1	153.283
A0A9L0INF8;A0A9L0JNA9	A0A9L0INF8_EQUAS;A0A9L0JNA9_EQUAS		Ig-like domain-containing protein	6	0	826.669
A0A9L0INI9	A0A9L0INI9_EQUAS		SRCR domain-containing protein	5	3	1271.22
A0A9L0INK4	A0A9L0INK4_EQUAS	PIK3IP1	Phosphoinositide-3-kinase interacting protein 1	1	1	58.7861
A0A9L0INL3	A0A9L0INL3_EQUAS	GPX3	Glutathione peroxidase	1	1	69.4378
A0A9L0INR0	A0A9L0INR0_EQUAS	ERP44	Endoplasmic reticulum protein 44	4	4	155.042
A0A9L0INW1	A0A9L0INW1_EQUAS	MFGE8	Milk fat globule EGF and factor V/VIII domain containing	6	6	132.954
A0A9L0IP41	A0A9L0IP41_EQUAS	THBD	Thrombomodulin	11	11	1004.72
A0A9L0IP52	A0A9L0IP52_EQUAS	PCDH19	Protocadherin 19	4	4	41.4918
A0A9L0IP63	A0A9L0IP63_EQUAS	GRB2	Growth factor receptor bound protein 2	1	1	8.79352
A0A9L0IPB3	A0A9L0IPB3_EQUAS	CTSC	Cathepsin C	4	4	87.5356
A0A9L0IPD8	A0A9L0IPD8_EQUAS	PROZ	Protein Z, vitamin K dependent plasma glycoprotein	2	2	50.0298
A0A9L0IPG8	A0A9L0IPG8_EQUAS	RETN	Resistin	4	4	7734.78
A0A9L0IPH6	A0A9L0IPH6_EQUAS	ATP6AP2	Renin receptor	7	7	229.695
A0A9L0IPH7	A0A9L0IPH7_EQUAS	HAMP	Hepcidin antimicrobial peptide	1	1	1187.12
A0A9L0IPN2	A0A9L0IPN2_EQUAS	GPR180	G protein-coupled receptor 180	2	2	282.925
A0A9L0IQ79;A0A9L0IS10;A0A9L0J4Y7;A0A9L0JCS2	A0A9L0IQ79_EQUAS;A0A9L0IS10_EQUAS;A0A9L0J4Y7_EQUAS;A0A9L0JCS2_EQUAS		Ig-like domain-containing protein	1	0	363.477
A0A9L0IQF6	A0A9L0IQF6_EQUAS	LOC123287929	Ig-like domain-containing protein	1	1	937.848
A0A9L0IQH2	A0A9L0IQH2_EQUAS	VCP	Transitional endoplasmic reticulum ATPase	2	2	67.0687
A0A9L0IQI3	A0A9L0IQI3_EQUAS	LAMP3	Lysosome-associated membrane glycoprotein 2-like luminal domain-containing protein	2	2	468.423
A0A9L0IQL2	A0A9L0IQL2_EQUAS	FCGBP	VWFD domain-containing protein	14	14	113.904
A0A9L0IQX5	A0A9L0IQX5_EQUAS	PSCA	Prostate stem cell antigen	1	1	1717.46
A0A9L0IQZ2	A0A9L0IQZ2_EQUAS	UMOD	Uromodulin	31	31	251811
A0A9L0IR78	A0A9L0IR78_EQUAS	COL1A1	Collagen type I alpha 1 chain	8	8	3830.75
A0A9L0IR93	A0A9L0IR93_EQUAS	UPK1A	Uroplakin 1A	1	1	26.6727
A0A9L0IRF4	A0A9L0IRF4_EQUAS	ACP3	acid phosphatase	2	2	47.809
A0A9L0IRH4	A0A9L0IRH4_EQUAS	KRT19	Keratin, type I cytoskeletal 19	22	12	5244.35
A0A9L0IRL9	A0A9L0IRL9_EQUAS	PAPLN	Papilin, proteoglycan like sulfated glycoprotein	5	5	47.1598
A0A9L0IRP1	A0A9L0IRP1_EQUAS	EFNA1	Ephrin-A1	5	5	941.425
A0A9L0IRS3	A0A9L0IRS3_EQUAS	CD14	Monocyte differentiation antigen CD14	7	7	293.938
A0A9L0IRX4	A0A9L0IRX4_EQUAS	ANXA1	Annexin	14	14	269.942
A0A9L0IRX6	A0A9L0IRX6_EQUAS	VMO1	Vitelline membrane outer layer 1 homolog	3	3	146.74
A0A9L0IRY6	A0A9L0IRY6_EQUAS		Ig-like domain-containing protein	1	1	116.836
A0A9L0ISC3	A0A9L0ISC3_EQUAS	MYDGF	Myeloid derived growth factor	7	7	3137.36
A0A9L0ISL2	A0A9L0ISL2_EQUAS	HPRT1	Hypoxanthine phosphoribosyltransferase	3	3	1535.52
A0A9L0IST7	A0A9L0IST7_EQUAS	ANTXR1	ANTXR cell adhesion molecule 1	4	4	225.387
A0A9L0IT29;A0A9L0IUB9	A0A9L0IT29_EQUAS;A0A9L0IUB9_EQUAS	LOC106825312;LOC123278291	Cystatin domain-containing protein	2	0	1436.34
A0A9L0IT62	A0A9L0IT62_EQUAS	LOC106822724	Lipocalin/cytosolic fatty-acid binding domain-containing protein	18	10	53605.9
A0A9L0IT79	A0A9L0IT79_EQUAS	LDHA	L-lactate dehydrogenase	8	8	601.868
A0A9L0ITB6	A0A9L0ITB6_EQUAS	YWHAG	Tyrosine 3-monooxygenase/tryptophan 5-monooxygenase activation protein gamma	2	2	81.3885
A0A9L0ITC8;A0A9L0IY80;A0A9L0IYG3	A0A9L0ITC8_EQUAS;A0A9L0IY80_EQUAS;A0A9L0IYG3_EQUAS	H1-2;H1-4;LOC106837812	H15 domain-containing protein	4	0	114.228
A0A9L0ITJ9	A0A9L0ITJ9_EQUAS	MINPP1	Multiple inositol polyphosphate phosphatase 1	9	9	113.142
A0A9L0ITY8	A0A9L0ITY8_EQUAS	PLEKHB2	PH domain-containing protein	2	2	67.6856
A0A9L0IU05	A0A9L0IU05_EQUAS	HTRA3	HtrA serine peptidase 3	2	2	138.919
A0A9L0IUE6	A0A9L0IUE6_EQUAS		Ig-like domain-containing protein	3	3	2292.7
A0A9L0IUI9	A0A9L0IUI9_EQUAS	RTN4RL1	Reticulon 4 receptor like 1	2	2	71.4318
A0A9L0IUR1	A0A9L0IUR1_EQUAS	CD300LG	CD300 molecule like family member g	3	3	3643.71
A0A9L0IV06	A0A9L0IV06_EQUAS	LOC123279803	IF rod domain-containing protein	3	0	779.967
A0A9L0IV83	A0A9L0IV83_EQUAS	CST6	Cystatin E/M	12	12	9154.98
A0A9L0IVP4	A0A9L0IVP4_EQUAS	FZD4	Frizzled-4	1	1	721.663
A0A9L0IVW3	A0A9L0IVW3_EQUAS	SLC5A10	Sodium/mannose cotransporter SLC5A10	2	2	209.181
A0A9L0IVY9	A0A9L0IVY9_EQUAS		Aquaporin-1	1	1	542.872
A0A9L0IW43	A0A9L0IW43_EQUAS	MPZL1	Myelin protein zero like 1	2	2	87.4363
A0A9L0IWD3	A0A9L0IWD3_EQUAS	SLPI	Secretory leukocyte peptidase inhibitor	2	2	121.078
A0A9L0IWQ9	A0A9L0IWQ9_EQUAS	OLFM4	Olfactomedin 4	3	3	263.272
A0A9L0IWS0	A0A9L0IWS0_EQUAS	LOC106827217	Glyceraldehyde-3-phosphate dehydrogenase	1	0	378.798
A0A9L0IWS5	A0A9L0IWS5_EQUAS	GLA	Alpha-galactosidase	3	3	60.6074
A0A9L0IX17	A0A9L0IX17_EQUAS	FABP4	Fatty acid binding protein 4	3	3	171.025
A0A9L0IX25	A0A9L0IX25_EQUAS	CD84	CD84 molecule	2	2	1624.74
A0A9L0IX42	A0A9L0IX42_EQUAS	LOC123281652	Aminopeptidase	6	6	592.571
A0A9L0IXF7	A0A9L0IXF7_EQUAS	PROCR	Protein C receptor	3	3	5470.08
A0A9L0IXJ6	A0A9L0IXJ6_EQUAS		Ig-like domain-containing protein	3	3	4655.12
A0A9L0IXJ9	A0A9L0IXJ9_EQUAS	JAM3	Junctional adhesion molecule 3	3	3	580.288
A0A9L0IXT5;A0A9L0KJ66	A0A9L0IXT5_EQUAS;A0A9L0KJ66_EQUAS	LOC106842559;LOC106842603	trypsin	6	0	1141.78
A0A9L0IXU0	A0A9L0IXU0_EQUAS	ITGB1	Integrin beta	5	5	853.267
A0A9L0IXV4	A0A9L0IXV4_EQUAS	BROX	BRO1 domain-containing protein BROX	5	5	143.448
A0A9L0IY34	A0A9L0IY34_EQUAS	IGFBP7	Insulin like growth factor binding protein 7	14	14	2280.72
A0A9L0IY40	A0A9L0IY40_EQUAS	PPM1L	PPM-type phosphatase domain-containing protein	2	2	75.7818
A0A9L0IYI5	A0A9L0IYI5_EQUAS	SUSD2	Sushi domain containing 2	5	5	206.778
A0A9L0IZ30	A0A9L0IZ30_EQUAS	CFL1	ADF-H domain-containing protein	4	2	143.118
A0A9L0IZ84	A0A9L0IZ84_EQUAS	LOC123287150	Uncharacterized protein	5	3	147.771
A0A9L0IZP3	A0A9L0IZP3_EQUAS	LOC106822376	Lipocalin/cytosolic fatty-acid binding domain-containing protein	9	9	31964.2
A0A9L0J055	A0A9L0J055_EQUAS	VPS4B	Vacuolar protein sorting 4 homolog B	1	1	73.5024
A0A9L0J069	A0A9L0J069_EQUAS	PGD	6-phosphogluconate dehydrogenase, decarboxylating	7	7	1437.35
A0A9L0J089	A0A9L0J089_EQUAS	BCAM	Basal cell adhesion molecule (Lutheran blood group)	14	14	566.124
A0A9L0J0J2	A0A9L0J0J2_EQUAS	CAB39	Calcium binding protein 39	3	3	41.9521
A0A9L0J0J5	A0A9L0J0J5_EQUAS	TGFBR2	TGF-beta receptor type-2	2	2	1058.74
A0A9L0J0K7;A0A9L0K459;A0A9L0K7R3	A0A9L0J0K7_EQUAS;A0A9L0K459_EQUAS;A0A9L0K7R3_EQUAS		Ig-like domain-containing protein	1	0	126.069
A0A9L0J0L2	A0A9L0J0L2_EQUAS	LOC106847595	Uteroglobin	2	2	319.209
A0A9L0J0P0	A0A9L0J0P0_EQUAS	LOC106823392	Sushi domain-containing protein	5	2	540.415
A0A9L0J0T5	A0A9L0J0T5_EQUAS		Immunoglobulin-like beta-sandwich domain-containing protein	2	2	797.284
A0A9L0J134	A0A9L0J134_EQUAS	LOC106826473	Lipocalin/cytosolic fatty-acid binding domain-containing protein	3	2	197.502
A0A9L0J1C4	A0A9L0J1C4_EQUAS	HEBP2	Heme binding protein 2	2	2	25.479
A0A9L0J1E6	A0A9L0J1E6_EQUAS	MYLK	Myosin light chain kinase, smooth muscle	3	3	605.178
A0A9L0J1M1;A0A9L0JD90	A0A9L0J1M1_EQUAS;A0A9L0JD90_EQUAS		Ig-like domain-containing protein	1	0	1189.23
A0A9L0J1U2	A0A9L0J1U2_EQUAS	CD276	CD276 molecule	2	2	165.812
A0A9L0J1V9	A0A9L0J1V9_EQUAS	KRT80	Keratin 80	1	0	84.4206
A0A9L0J208	A0A9L0J208_EQUAS	DLK2	Delta like non-canonical Notch ligand 2	7	7	776.166
A0A9L0J212	A0A9L0J212_EQUAS	HSPE1	10 kDa heat shock protein, mitochondrial	3	3	50.2879
A0A9L0J2C9	A0A9L0J2C9_EQUAS	TUBA4A	Tubulin alpha chain	11	1	192.415
A0A9L0J2H8	A0A9L0J2H8_EQUAS	MIEN1	Migration and invasion enhancer 1	3	3	390.385
A0A9L0J2I4	A0A9L0J2I4_EQUAS	MANSC1	MANSC domain containing 1	1	1	67.92
A0A9L0J2U0	A0A9L0J2U0_EQUAS	CD34	CD34 molecule	1	1	55.7369
A0A9L0J331	A0A9L0J331_EQUAS	HSPA8	Heat shock protein family A (Hsp70) member 8	20	13	282.44
A0A9L0J441	A0A9L0J441_EQUAS	RAB7A	Ras-related protein Rab-7a	3	3	78.5857
A0A9L0J4A0	A0A9L0J4A0_EQUAS	CDC42	Cell division control protein 42 homolog	3	2	170.862
A0A9L0J4E6	A0A9L0J4E6_EQUAS	TNFRSF12A	TNF receptor superfamily member 12A	2	2	105.49
A0A9L0J4M7	A0A9L0J4M7_EQUAS	HRG	Histidine-rich glycoprotein	10	10	860.997
A0A9L0J4X8	A0A9L0J4X8_EQUAS	MMP9	Matrix metalloproteinase-9	13	13	2546.23
A0A9L0J4Y1	A0A9L0J4Y1_EQUAS	SELL	L-selectin	10	10	4030.97
A0A9L0J5M5	A0A9L0J5M5_EQUAS	SPINK2	Kazal-like domain-containing protein	3	3	761.492
A0A9L0J5P5	A0A9L0J5P5_EQUAS	TNFRSF11A	TNF receptor superfamily member 11a	3	3	423.301
A0A9L0J604	A0A9L0J604_EQUAS		Ig-like domain-containing protein	2	2	312.245
A0A9L0J6A4	A0A9L0J6A4_EQUAS	MUC1	Mucin-1	5	5	1732.59
A0A9L0J6C6	A0A9L0J6C6_EQUAS	CFD	Complement factor D	1	1	57.8085
A0A9L0J6H3	A0A9L0J6H3_EQUAS	CDH19	Cadherin 19	6	6	164.129
A0A9L0J6H8	A0A9L0J6H8_EQUAS	SDC4	Syndecan	2	2	208.641
A0A9L0J6N6	A0A9L0J6N6_EQUAS	CRIP1	LIM zinc-binding domain-containing protein	1	1	206.771
A0A9L0J6T2	A0A9L0J6T2_EQUAS	PLXDC1	Plexin domain containing 1	1	1	48.67
A0A9L0J6W0	A0A9L0J6W0_EQUAS	HSPB1	Heat shock protein family B (small) member 1	4	4	270.913
A0A9L0J7B2	A0A9L0J7B2_EQUAS	SERPINB1	Serpin family B member 1	9	8	214.476
A0A9L0J7I9	A0A9L0J7I9_EQUAS	COL6A1	Collagen type VI alpha 1 chain	2	2	120.279
A0A9L0J7W3	A0A9L0J7W3_EQUAS	CPQ	Carboxypeptidase Q	3	3	138.552
A0A9L0J7Y3	A0A9L0J7Y3_EQUAS	CHMP4B	Charged multivesicular body protein 4B	2	1	58.3397
A0A9L0J825	A0A9L0J825_EQUAS	ADIPOQ	Adiponectin, C1Q and collagen domain containing	2	2	28.3649
A0A9L0J859	A0A9L0J859_EQUAS	CDH2	Cadherin-2	17	17	1167.64
A0A9L0J883	A0A9L0J883_EQUAS	CNDP2	Cytosolic non-specific dipeptidase	10	10	135.864
A0A9L0J8V2	A0A9L0J8V2_EQUAS	ISLR	Immunoglobulin superfamily containing leucine rich repeat	4	4	278.335
A0A9L0J8Z7	A0A9L0J8Z7_EQUAS	ANXA5	Annexin	6	6	141.314
A0A9L0J8Z9	A0A9L0J8Z9_EQUAS	RNH1	Ribonuclease inhibitor	2	2	40.2947
A0A9L0J910	A0A9L0J910_EQUAS	DBI	Acyl-CoA-binding protein	3	3	191.257
A0A9L0J965	A0A9L0J965_EQUAS	PODXL	Podocalyxin	2	2	163.277
A0A9L0J9F8	A0A9L0J9F8_EQUAS	SH3BGRL3	SH3 domain-binding glutamic acid-rich-like protein 3	4	4	1437.27
A0A9L0J9H8	A0A9L0J9H8_EQUAS	LOC106847956	Ig-like domain-containing protein	2	2	338.958
A0A9L0J9P5	A0A9L0J9P5_EQUAS	DEFB1	Beta-defensin 1	3	3	3240.69
A0A9L0J9U7	A0A9L0J9U7_EQUAS	NUDT2	Bis(5'-nucleosyl)-tetraphosphatase [asymmetrical]	4	4	67.4213
A0A9L0JA08	A0A9L0JA08_EQUAS		Ig-like domain-containing protein	1	1	213.185
A0A9L0JAR7	A0A9L0JAR7_EQUAS	FAM3D	FAM3 metabolism regulating signaling molecule D	3	3	183.558
A0A9L0JAU8	A0A9L0JAU8_EQUAS	VSTM1	V-set and transmembrane domain containing 1	5	5	316.54
A0A9L0JAX3	A0A9L0JAX3_EQUAS	SPP1	Secreted phosphoprotein 1	9	9	1135.87
A0A9L0JBI6	A0A9L0JBI6_EQUAS	YWHAZ	Tyrosine 3-monooxygenase/tryptophan 5-monooxygenase activation protein zeta	10	7	1019.82
A0A9L0JBR9	A0A9L0JBR9_EQUAS	PFN1	Profilin	7	7	990.066
A0A9L0JBV1	A0A9L0JBV1_EQUAS	CRB2	Crumbs cell polarity complex component 2	5	5	104.053
A0A9L0JCD8	A0A9L0JCD8_EQUAS	CRTAC1	Cartilage acidic protein 1	3	3	49.173
A0A9L0JCT2	A0A9L0JCT2_EQUAS	NECTIN3	Nectin cell adhesion molecule 3	4	4	142.203
A0A9L0JDB8	A0A9L0JDB8_EQUAS	BLVRB	Biliverdin reductase B	4	4	177.774
A0A9L0JDS1	A0A9L0JDS1_EQUAS	LOC106837843	Histone H4	6	6	1068.91
A0A9L0JDU2	A0A9L0JDU2_EQUAS	CD9	Tetraspanin	1	1	123.494
A0A9L0JDU7	A0A9L0JDU7_EQUAS	TTN	Titin	10	10	1840.01
A0A9L0JE37	A0A9L0JE37_EQUAS	PDCD6	Programmed cell death 6	3	3	93.461
A0A9L0JE56	A0A9L0JE56_EQUAS	S100A16	Protein S100	1	1	18.7671
A0A9L0JE85	A0A9L0JE85_EQUAS	GPIHBP1	Glycosylphosphatidylinositol anchored high density lipoprotein binding protein 1	1	1	208.147
A0A9L0JEA4;A0A9L0JP83	A0A9L0JEA4_EQUAS;A0A9L0JP83_EQUAS	FTH1;LOC106838189	Ferritin	2	0	110.585
A0A9L0JER6	A0A9L0JER6_EQUAS	LOC106822385	Lipocalin/cytosolic fatty-acid binding domain-containing protein	1	1	230.635
A0A9L0JES3	A0A9L0JES3_EQUAS	LOC106844371	Pepsin A	5	3	15523
A0A9L0JF30	A0A9L0JF30_EQUAS	FN1	Fibronectin	60	60	17553.8
A0A9L0JF74	A0A9L0JF74_EQUAS	SDC2	Syndecan	2	2	45.5265
A0A9L0JF80	A0A9L0JF80_EQUAS	PSMA3	Proteasome subunit alpha type	2	2	18.6036
A0A9L0JFE2	A0A9L0JFE2_EQUAS	NEGR1	Neuronal growth regulator 1	4	4	261.181
A0A9L0JFK6	A0A9L0JFK6_EQUAS	LTBP3	Latent transforming growth factor beta binding protein 3	4	4	211.105
A0A9L0JFS7	A0A9L0JFS7_EQUAS		Tropomyosin 1	2	2	35.8662
A0A9L0JFZ9	A0A9L0JFZ9_EQUAS		Ig-like domain-containing protein	4	4	11198.8
A0A9L0JGB2	A0A9L0JGB2_EQUAS	LOC106833636	Secretoglobin family 1A member 1	1	1	127.312
A0A9L0JGE9	A0A9L0JGE9_EQUAS	F10	Coagulation factor X	2	2	105.865
A0A9L0JGF8	A0A9L0JGF8_EQUAS	TUBB4B	Tubulin beta chain	3	1	114.048
A0A9L0JGP0	A0A9L0JGP0_EQUAS	BTLA	B and T lymphocyte associated	2	2	112.241
A0A9L0JGP5	A0A9L0JGP5_EQUAS	ARF1	ADP-ribosylation factor	3	0	1027.01
A0A9L0JGU4	A0A9L0JGU4_EQUAS	LOC106824940	Adenosylhomocysteinase	8	1	583.97
A0A9L0JGV0	A0A9L0JGV0_EQUAS	ARSB	Arylsulfatase B	2	2	40.6639
A0A9L0JH17	A0A9L0JH17_EQUAS	FAM20C	FAM20 C-terminal domain-containing protein	6	5	191.138
A0A9L0JH91	A0A9L0JH91_EQUAS	CLPS	Colipase	1	1	283.408
A0A9L0JHA6	A0A9L0JHA6_EQUAS	TNFRSF1B	TNF receptor superfamily member 1B	6	6	2925.37
A0A9L0JHD1	A0A9L0JHD1_EQUAS	LEAP2	Liver-expressed antimicrobial peptide 2	1	1	514.158
A0A9L0JHH3	A0A9L0JHH3_EQUAS	SMPDL3B	Acid sphingomyelinase-like phosphodiesterase	2	2	75.0812
A0A9L0JHN9	A0A9L0JHN9_EQUAS	ICAM3	Intercellular adhesion molecule 3	1	1	41.7293
A0A9L0JHP3	A0A9L0JHP3_EQUAS	LY86	Lymphocyte antigen 86	1	1	47.5449
A0A9L0JHX3	A0A9L0JHX3_EQUAS	COLEC12	Collectin-12	6	6	552.23
A0A9L0JI61	A0A9L0JI61_EQUAS	TUBA1B	Tubulin alpha chain	3	0	258.86
A0A9L0JIL7	A0A9L0JIL7_EQUAS	VCAM1	Vascular cell adhesion molecule 1	3	3	174.494
A0A9L0JIQ3	A0A9L0JIQ3_EQUAS	IGSF8	Immunoglobulin superfamily member 8	5	5	428.08
A0A9L0JIW8	A0A9L0JIW8_EQUAS	LOC106831985	Aminopeptidase	24	8	1174.3
A0A9L0JJ35	A0A9L0JJ35_EQUAS	IHH	Hedgehog protein	2	2	115.951
A0A9L0JJE3	A0A9L0JJE3_EQUAS	SERPINF2	Serpin family F member 2	10	10	594.721
A0A9L0JKE7	A0A9L0JKE7_EQUAS	VNN1	Pantetheinase	13	12	907.629
A0A9L0JKF1	A0A9L0JKF1_EQUAS	SDF4	45 kDa calcium-binding protein	11	11	668.498
A0A9L0JKX9	A0A9L0JKX9_EQUAS	LOC106822242	Metallothionein	2	1	523.296
A0A9L0JLE0	A0A9L0JLE0_EQUAS	CD44	CD44 antigen	7	7	19422.9
A0A9L0JLM6	A0A9L0JLM6_EQUAS	LOC106828819	Lipocalin/cytosolic fatty-acid binding domain-containing protein	5	3	831.341
A0A9L0JLX7	A0A9L0JLX7_EQUAS	EIF6	Eukaryotic translation initiation factor 6	7	7	431.005
A0A9L0JM53	A0A9L0JM53_EQUAS	LOC106839795	Neuroblastoma suppressor of tumorigenicity 1	3	3	434.142
A0A9L0JM71	A0A9L0JM71_EQUAS	VTA1	Vesicle trafficking 1	3	3	169.989
A0A9L0JMN3	A0A9L0JMN3_EQUAS	ANXA11	Annexin	6	5	196.73
A0A9L0JN49	A0A9L0JN49_EQUAS	COPB2	Coatomer subunit beta'	2	2	68.1798
A0A9L0JNF2	A0A9L0JNF2_EQUAS	TXN	Thioredoxin	4	4	485.211
A0A9L0JNK0;A0A9L0JQD8	A0A9L0JNK0_EQUAS;A0A9L0JQD8_EQUAS		Ig-like domain-containing protein	2	0	87.3715
A0A9L0JNT6	A0A9L0JNT6_EQUAS	LAMA5	Laminin subunit alpha 5	2	2	361.525
A0A9L0JNV6	A0A9L0JNV6_EQUAS	ENPP5	Ectonucleotide pyrophosphatase/phosphodiesterase family member 5	5	5	121.125
A0A9L0JNY3	A0A9L0JNY3_EQUAS	NCAM1	Neural cell adhesion molecule 1	4	4	277.353
A0A9L0JNY9	A0A9L0JNY9_EQUAS	ARHGDIA	Rho GDP-dissociation inhibitor 1	1	1	35.7244
A0A9L0JP34	A0A9L0JP34_EQUAS	KLK4	Peptidase S1 domain-containing protein	2	2	131.422
A0A9L0JP42	A0A9L0JP42_EQUAS	LRP2	LDL receptor related protein 2	124	124	2979.81
A0A9L0JP51	A0A9L0JP51_EQUAS	PLA1A	Phospholipase A1 member A	7	7	352.563
A0A9L0JPB6	A0A9L0JPB6_EQUAS	TXNDC17	Thioredoxin domain-containing protein 17	1	1	144.586
A0A9L0JPH7	A0A9L0JPH7_EQUAS	IGFBP2	Insulin-like growth factor-binding protein 2	12	12	696.541
A0A9L0JPM9	A0A9L0JPM9_EQUAS	LOC123289523	Lipocalin/cytosolic fatty-acid binding domain-containing protein	6	3	1022.07
A0A9L0JPP3	A0A9L0JPP3_EQUAS	STC1	Stanniocalcin-1	1	1	33.4054
A0A9L0JQ86	A0A9L0JQ86_EQUAS	GAS1	Growth arrest specific 1	2	2	232.485
A0A9L0JQI2	A0A9L0JQI2_EQUAS	CFI	Complement factor I	8	8	158.157
A0A9L0JQV8	A0A9L0JQV8_EQUAS	RNASE6	Ribonuclease A family member k6	3	3	2570.17
A0A9L0JR10	A0A9L0JR10_EQUAS	COLEC10	Collectin subfamily member 10	3	3	429.409
A0A9L0JR41	A0A9L0JR41_EQUAS	MPZL2	Myelin protein zero like 2	3	3	94.8753
A0A9L0JRB5	A0A9L0JRB5_EQUAS	GINM1	Glycosylated integral membrane protein 1	4	4	452.64
A0A9L0JRF5	A0A9L0JRF5_EQUAS	LTBP4	Latent transforming growth factor beta binding protein 4	14	14	2343.91
A0A9L0JRK4	A0A9L0JRK4_EQUAS	LOC106830661	Collagen alpha-1(VII) chain	2	2	48.5774
A0A9L0JRM3	A0A9L0JRM3_EQUAS	LOC106847973	UPAR/Ly6 domain-containing protein	3	3	117.373
A0A9L0JRW8	A0A9L0JRW8_EQUAS	CRYL1	L-gulonate 3-dehydrogenase	2	2	308.715
A0A9L0JRZ8;A0A9L0JT48	A0A9L0JRZ8_EQUAS;A0A9L0JT48_EQUAS	H2AZ1;H2AZ2	Histone H2A	1	0	13.3969
A0A9L0JS26	A0A9L0JS26_EQUAS	IST1	IST1 homolog	9	9	1054.91
A0A9L0JSJ1	A0A9L0JSJ1_EQUAS	GUSB	Beta-glucuronidase	2	2	46.8292
A0A9L0JSK2	A0A9L0JSK2_EQUAS		Guanine nucleotide-binding protein G(s) subunit alpha	2	2	42.2405
A0A9L0JSR3	A0A9L0JSR3_EQUAS	DCHS1	Dachsous cadherin-related 1	18	18	472.502
A0A9L0JT06	A0A9L0JT06_EQUAS	ABHD14B	Abhydrolase domain containing 14B	3	3	212.523
A0A9L0JTE5	A0A9L0JTE5_EQUAS	PPIB	Peptidyl-prolyl cis-trans isomerase	5	5	291.595
A0A9L0JTQ7	A0A9L0JTQ7_EQUAS		Palmitoyl-protein thioesterase 1	1	1	86.0562
A0A9L0JTV4	A0A9L0JTV4_EQUAS	CD248	CD248 molecule	10	10	684.615
A0A9L0JU18	A0A9L0JU18_EQUAS	VAT1	Vesicle amine transport 1	3	3	54.0391
A0A9L0JUB0	A0A9L0JUB0_EQUAS	LOC106844372	Pepsin A	4	3	12861.2
A0A9L0JUB6	A0A9L0JUB6_EQUAS	FLRT2	Fibronectin leucine rich transmembrane protein 2	7	7	151.727
A0A9L0JUF5	A0A9L0JUF5_EQUAS	TREML1	Triggering receptor expressed on myeloid cells like 1	1	1	56.9297
A0A9L0JUH1	A0A9L0JUH1_EQUAS	OGFOD3	2-oxoglutarate and iron dependent oxygenase domain containing 3	3	3	122.987
A0A9L0JUJ1	A0A9L0JUJ1_EQUAS	CANT1	Calcium activated nucleotidase 1	6	6	245.656
A0A9L0JUN9	A0A9L0JUN9_EQUAS	CPZ	Carboxypeptidase Z	1	1	247.647
A0A9L0JUX1	A0A9L0JUX1_EQUAS	SDCBP	Syndecan binding protein	10	10	2809.48
A0A9L0JUZ1	A0A9L0JUZ1_EQUAS	KIRREL1	Kirre like nephrin family adhesion molecule 1	8	8	275.954
A0A9L0JV87	A0A9L0JV87_EQUAS	B4GALT1	Beta-1,4-galactosyltransferase	6	6	338.612
A0A9L0JVI8	A0A9L0JVI8_EQUAS	PDZK1IP1	PDZK1-interacting protein 1	1	1	158.333
A0A9L0JVL6	A0A9L0JVL6_EQUAS	AZGP1	Ig-like domain-containing protein	16	16	1717.77
A0A9L0JVL8	A0A9L0JVL8_EQUAS	COL5A1	Collagen type V alpha 1 chain	2	2	67.2768
A0A9L0JVM4	A0A9L0JVM4_EQUAS	LAMC1	Laminin subunit gamma 1	2	2	218.272
A0A9L0JW55	A0A9L0JW55_EQUAS	SRPX	Sushi repeat containing protein X-linked	2	2	269.42
A0A9L0JWE8	A0A9L0JWE8_EQUAS	GPA33	Glycoprotein A33	3	3	229.656
A0A9L0JWK3	A0A9L0JWK3_EQUAS	RHOA	Transforming protein RhoA	4	1	1100.83
A0A9L0JX32	A0A9L0JX32_EQUAS	PEBP1	Phosphatidylethanolamine-binding protein 1	7	7	628.834
A0A9L0JX38	A0A9L0JX38_EQUAS	B3GNT2	Hexosyltransferase	3	3	60.5228
A0A9L0JXJ5	A0A9L0JXJ5_EQUAS	LOC106826120	Uncharacterized protein	2	2	308.523
A0A9L0JXL0	A0A9L0JXL0_EQUAS	KRT10	Keratin, type I cytoskeletal 10	14	10	2910.58
A0A9L0JXQ6	A0A9L0JXQ6_EQUAS	EFNB1	Ephrin-B1	6	6	855.484
A0A9L0JXU7;A0A9L0K222	A0A9L0JXU7_EQUAS;A0A9L0K222_EQUAS		Ig-like domain-containing protein	1	0	226.138
A0A9L0JXW0	A0A9L0JXW0_EQUAS	PARK7	protein deglycase	4	4	191.165
A0A9L0JYE8	A0A9L0JYE8_EQUAS	GLG1	Golgi apparatus protein 1	15	15	115.337
A0A9L0JYH4	A0A9L0JYH4_EQUAS	LOC106845540	Lipocalin/cytosolic fatty-acid binding domain-containing protein	1	1	143.145
A0A9L0JYP5	A0A9L0JYP5_EQUAS	LOC106828439	Ig-like domain-containing protein	2	2	86.9365
A0A9L0JYR8	A0A9L0JYR8_EQUAS		Ig-like domain-containing protein	1	1	167.645
A0A9L0JZ12	A0A9L0JZ12_EQUAS	LOC106842727	Membrane cofactor protein	4	2	349.099
A0A9L0JZ58	A0A9L0JZ58_EQUAS	NQO1	NAD(P)H dehydrogenase [quinone] 1	5	5	636.296
A0A9L0JZ64	A0A9L0JZ64_EQUAS	LY6D	UPAR/Ly6 domain-containing protein	4	4	6610.83
A0A9L0JZA5	A0A9L0JZA5_EQUAS	CTHRC1	Collagen triple helix repeat containing 1	5	5	1214.14
A0A9L0JZA8	A0A9L0JZA8_EQUAS	EEF1A1	Elongation factor 1-alpha	9	1	401.041
A0A9L0JZG9	A0A9L0JZG9_EQUAS	BAMBI	BMP and activin membrane-bound inhibitor homolog	3	3	452.466
A0A9L0JZL7	A0A9L0JZL7_EQUAS	LOC106846504	Methanethiol oxidase	9	4	152.241
A0A9L0JZM8	A0A9L0JZM8_EQUAS		Filaggrin	1	1	99.2926
A0A9L0JZP9	A0A9L0JZP9_EQUAS	EGF	Pro-epidermal growth factor	41	41	3216.83
A0A9L0JZS5	A0A9L0JZS5_EQUAS	RAP2B	Ras-related protein Rap-2	1	1	17.804
A0A9L0JZU2	A0A9L0JZU2_EQUAS		WAP domain-containing protein	1	1	451.758
A0A9L0JZV0	A0A9L0JZV0_EQUAS	LOC123278063	Secretoglobin family 1A member 1	3	3	454.981
A0A9L0K0C6	A0A9L0K0C6_EQUAS	LOC106833486	Glutathione S-transferase	9	5	825.51
A0A9L0K0L2	A0A9L0K0L2_EQUAS	KRT7	Keratin, type II cytoskeletal 7	13	10	1475.28
A0A9L0K0M4	A0A9L0K0M4_EQUAS	CLTC	Clathrin heavy chain	3	3	61.5156
A0A9L0K0M7	A0A9L0K0M7_EQUAS	FGB	Fibrinogen beta chain	18	17	679.712
A0A9L0K1N1	A0A9L0K1N1_EQUAS	LUM	Lumican	7	7	197.798
A0A9L0K1X6	A0A9L0K1X6_EQUAS	GLO1	Lactoylglutathione lyase	1	1	51.4813
A0A9L0K265	A0A9L0K265_EQUAS		Ig-like domain-containing protein	1	1	306.782
A0A9L0K2D9	A0A9L0K2D9_EQUAS	LOC106848365	EF-hand domain-containing protein	2	2	31.1513
A0A9L0K2I3	A0A9L0K2I3_EQUAS	B3GNT7	Hexosyltransferase	6	6	559.207
A0A9L0K2L0	A0A9L0K2L0_EQUAS	NRP1	Neuropilin	1	1	8.75155
A0A9L0K2P3	A0A9L0K2P3_EQUAS	MANBA	Beta-mannosidase	2	2	58.8921
A0A9L0K2T0	A0A9L0K2T0_EQUAS	SERPINC1	Antithrombin-III	31	31	7940.05
A0A9L0K307	A0A9L0K307_EQUAS	RARRES1	Retinoic acid receptor responder 1	1	1	285.512
A0A9L0K3L0	A0A9L0K3L0_EQUAS	PTGR1	Prostaglandin reductase 1	7	7	143.161
A0A9L0K3R7	A0A9L0K3R7_EQUAS	PTMA	Prothymosin alpha	1	1	344.452
A0A9L0K3Y3	A0A9L0K3Y3_EQUAS	CAP1	Adenylyl cyclase-associated protein	6	5	55.8419
A0A9L0K4B0	A0A9L0K4B0_EQUAS	LOC106840577	CN hydrolase domain-containing protein	1	1	301.587
A0A9L0K4E7	A0A9L0K4E7_EQUAS	VLDLR	Very low density lipoprotein receptor	2	2	66.7221
A0A9L0K4S1	A0A9L0K4S1_EQUAS	CSF1	Macrophage colony-stimulating factor 1	5	5	296.066
A0A9L0K4S2	A0A9L0K4S2_EQUAS	VASN	Vasorin	12	12	4296.5
A0A9L0K4T2	A0A9L0K4T2_EQUAS	NAXE	NAD(P)H-hydrate epimerase	1	1	46.6996
A0A9L0K4Y6	A0A9L0K4Y6_EQUAS	COL11A2	Collagen type XI alpha 2 chain	1	1	241.723
A0A9L0K5A5	A0A9L0K5A5_EQUAS	MB	Myoglobin	1	1	46.2949
A0A9L0K5A6	A0A9L0K5A6_EQUAS	IL18BP	Interleukin 18 binding protein	2	2	11062.4
A0A9L0K5J6	A0A9L0K5J6_EQUAS	GPRC5B	G protein-coupled receptor class C group 5 member B	4	4	723.328
A0A9L0K6I3	A0A9L0K6I3_EQUAS	LOC106838359	Charged multivesicular body protein 1B	2	2	652.486
A0A9L0K6V7	A0A9L0K6V7_EQUAS	GPC4	Glypican 4	2	2	92.6052
A0A9L0K714	A0A9L0K714_EQUAS	SPINT1	Serine peptidase inhibitor, Kunitz type 1	7	7	143.639
A0A9L0K788	A0A9L0K788_EQUAS	HPN	Hepsin	10	10	241.058
A0A9L0K7A6	A0A9L0K7A6_EQUAS	CRK	Adapter molecule crk	3	3	173.47
A0A9L0K7I1	A0A9L0K7I1_EQUAS	LOC123290289	UPAR/Ly6 domain-containing protein	3	1	10098.9
A0A9L0K7K1	A0A9L0K7K1_EQUAS	CDSN	Corneodesmosin	2	2	2691.35
A0A9L0K7V0	A0A9L0K7V0_EQUAS	CHIT1	chitinase	2	2	116.18
A0A9L0K8H8	A0A9L0K8H8_EQUAS	ACVR1B	receptor protein serine/threonine kinase	4	4	1013.49
A0A9L0K932	A0A9L0K932_EQUAS	ENG	Endoglin	3	3	148.564
A0A9L0K9A8	A0A9L0K9A8_EQUAS	EPHA2	receptor protein-tyrosine kinase	1	1	104.991
A0A9L0K9L2	A0A9L0K9L2_EQUAS	GALNS	N-acetylgalactosamine-6-sulfatase	5	5	199.805
A0A9L0K9Y4	A0A9L0K9Y4_EQUAS	WFDC1	WAP four-disulfide core domain 1	1	1	496.559
A0A9L0KA03	A0A9L0KA03_EQUAS	CSPG4	Chondroitin sulfate proteoglycan 4	33	33	6622.35
A0A9L0KA51	A0A9L0KA51_EQUAS	LOC106827466	NADP-dependent oxidoreductase domain-containing protein	6	2	535.053
A0A9L0KA53	A0A9L0KA53_EQUAS	PRDX2	Peroxiredoxin-2	3	2	259.992
A0A9L0KA96	A0A9L0KA96_EQUAS	APOA1	Apolipoprotein A-I	23	23	5212.65
A0A9L0KAI1	A0A9L0KAI1_EQUAS	RAP1A	small monomeric GTPase	5	3	508.22
A0A9L0KAV3	A0A9L0KAV3_EQUAS	LYPLA1	Acyl-protein thioesterase 1	2	2	58.971
A0A9L0KB09	A0A9L0KB09_EQUAS	LOC106827902	Integrin beta	1	1	116.201
A0A9L0KB11	A0A9L0KB11_EQUAS		UPAR/Ly6 domain-containing protein	1	1	54.6407
A0A9L0KBL8	A0A9L0KBL8_EQUAS	CTSH	Cathepsin H	10	10	707.027
A0A9L0KC18	A0A9L0KC18_EQUAS	GFRA1	GDNF family receptor alpha-1	1	1	136.248
A0A9L0KCC3	A0A9L0KCC3_EQUAS	IFNGR1	Interferon gamma receptor 1	5	5	211.048
A0A9L0KCG9	A0A9L0KCG9_EQUAS	ARF6	ADP-ribosylation factor 6	2	2	56.4376
A0A9L0KCJ2	A0A9L0KCJ2_EQUAS	SIRPA	Ig-like domain-containing protein	4	3	478.274
A0A9L0KCP4	A0A9L0KCP4_EQUAS	PRADC1	Protease associated domain containing 1	3	3	570.309
A0A9L0KCZ2	A0A9L0KCZ2_EQUAS	TIMD4	T cell immunoglobulin and mucin domain containing 4	6	6	5001.95
A0A9L0KD12	A0A9L0KD12_EQUAS	CALR	Calreticulin	5	5	250.327
A0A9L0KD65	A0A9L0KD65_EQUAS	PCMT1	Protein-L-isoaspartate O-methyltransferase	1	1	22.9798
A0A9L0KDB7	A0A9L0KDB7_EQUAS	SPINK9	Serine peptidase inhibitor Kazal type 9	2	2	375.122
A0A9L0KDN6	A0A9L0KDN6_EQUAS	CPB2	Carboxypeptidase B2	15	15	1465.82
A0A9L0KDT0	A0A9L0KDT0_EQUAS	PGK1	Phosphoglycerate kinase	11	9	206.708
A0A9L0KE46	A0A9L0KE46_EQUAS	TNC	Tenascin C	52	52	3573.65
A0A9L0KE66	A0A9L0KE66_EQUAS	P4HB	Protein disulfide-isomerase	7	7	182.753
A0A9L0KEM5	A0A9L0KEM5_EQUAS	TPI1	Triosephosphate isomerase	14	14	424.077
A0A9L0KF03	A0A9L0KF03_EQUAS	ST3GAL6	ST3 beta-galactoside alpha-2,3-sialyltransferase 6	9	9	412.012
A0A9L0KFI0	A0A9L0KFI0_EQUAS	LOC106835319	IF rod domain-containing protein	2	0	606.194
A0A9L0KG07	A0A9L0KG07_EQUAS	YWHAE	14-3-3 domain-containing protein	7	7	186.426
A0A9L0KG28	A0A9L0KG28_EQUAS	CTSS	Cathepsin S	4	4	351.955
A0A9L0KG54	A0A9L0KG54_EQUAS	CLEC3B	C-type lectin domain family 3 member B	1	1	17.7935
A0A9L0KGG8	A0A9L0KGG8_EQUAS	NHLRC3	NHL repeat containing 3	9	9	1731.03
A0A9L0KGR6	A0A9L0KGR6_EQUAS	ACAN	Aggrecan core protein	21	21	5767.7
A0A9L0KGY4	A0A9L0KGY4_EQUAS	HMCN1	Hemicentin 1	7	7	342.43
A0A9L0KH48	A0A9L0KH48_EQUAS		Ig-like domain-containing protein	5	3	3104.84
A0A9L0KHE5	A0A9L0KHE5_EQUAS		Immunoglobulin-like beta-sandwich domain-containing protein	1	1	145.104
A0A9L0KHE6	A0A9L0KHE6_EQUAS	CD274	CD274 molecule	1	1	44.0916
A0A9L0KHL8	A0A9L0KHL8_EQUAS	CHMP5	Charged multivesicular body protein 5	2	2	84.2379
A0A9L0KIR6	A0A9L0KIR6_EQUAS	LOC106824098	Insulin-like growth factor 2	3	3	332.611
A0A9L0KLY8	A0A9L0KLY8_EQUAS	DDI2	Ubiquitin-like domain-containing protein	3	3	61.703
A0A9L0KM33	A0A9L0KM33_EQUAS	SOD1	Superoxide dismutase [Cu-Zn]	3	3	733.663
A0A9L0KM73	A0A9L0KM73_EQUAS	CSTA	Cystatin A	9	9	3401.37
A1YSI3	A1YSI3_EQUAS	prnp	Major prion protein	3	3	278.071
B7VGF9	CASA2_EQUAS	CSN1S2	Alpha-S2-casein	1	0	146.2
P01959	HBA_EQUAS	HBA1	Hemoglobin subunit alpha	8	7	6828.13
P0DUB2	IGJ_EQUAS	JCHAIN	Immunoglobulin J chain	5	5	583.071
P0DUB3	IGHA_EQUAS	IGHA	Immunoglobulin heavy constant alpha (Fragment)	13	13	4639.54
P13613	LACB1_EQUAS	LGB1	Beta-lactoglobulin-1	3	1	423.626
P19647	LACB2_EQUAS	LGB2	Beta-lactoglobulin-2	5	2	149.858
P28546	LALBA_EQUAS	LALBA	Alpha-lactalbumin	7	7	299.513
Q861S3	B2MG_EQUAS	B2M	Beta-2-microglobulin	2	2	152.62
